Date,Client,MTM,Collateral,Threshold,Volatility,FX Rate,Interest Rate,MTA,Currency,Margin Call Made,Margin Call Amt
2024-01-01,A,5.0,4.8,0.76,26.97,1.08,4.47,0.06,USD,No,0.0
2024-01-02,C,8.93,3.4,0.74,15.41,1.48,6.5,0.08,EUR,Yes,4.79
2024-01-03,B,3.45,1.73,0.37,25.5,1.22,4.87,0.14,EUR,Yes,1.35
2024-01-04,A,3.12,2.17,0.43,24.12,1.39,4.6,0.13,USD,Yes,0.52
2024-01-05,D,6.74,1.19,0.65,18.41,1.03,6.85,0.19,USD,Yes,4.9
2024-01-06,A,8.47,2.22,0.19,28.68,1.22,4.37,0.12,USD,Yes,6.06
2024-01-07,B,2.28,4.64,0.33,28.25,1.16,5.56,0.13,EUR,No,0.0
2024-01-08,A,3.48,4.88,0.8,33.79,1.45,5.79,0.19,EUR,No,0.0
2024-01-09,D,2.71,1.78,0.14,21.51,1.19,4.81,0.17,EUR,Yes,0.79
2024-01-10,D,4.85,2.12,0.59,17.82,1.4,4.22,0.2,GBP,Yes,2.14
2024-01-11,A,8.18,1.79,0.1,31.31,1.35,6.19,0.17,EUR,Yes,6.29
2024-01-12,D,2.59,2.43,0.2,32.26,1.31,4.99,0.06,GBP,No,0.0
2024-01-13,C,4.49,2.3,0.76,27.75,1.44,5.42,0.07,EUR,Yes,1.43
2024-01-14,B,7.71,4.04,0.61,30.42,1.25,5.57,0.11,GBP,Yes,3.06
2024-01-15,A,2.2,1.43,0.13,27.73,1.16,5.53,0.19,USD,Yes,0.64
2024-01-16,D,3.99,2.64,0.78,19.58,1.04,4.87,0.07,USD,Yes,0.57
2024-01-17,C,9.44,4.23,0.67,32.43,1.4,4.56,0.18,GBP,Yes,4.54
2024-01-18,C,6.31,4.23,0.91,21.36,1.06,4.68,0.11,USD,Yes,1.17
2024-01-19,D,8.54,4.44,0.11,25.21,1.21,4.67,0.07,USD,Yes,3.99
2024-01-20,D,4.7,4.77,0.39,25.38,1.35,5.09,0.2,USD,No,0.0
2024-01-21,C,9.7,2.01,0.55,21.02,1.14,4.11,0.14,GBP,Yes,7.14
2024-01-22,B,6.02,1.21,0.35,33.17,1.12,4.43,0.12,USD,Yes,4.46
2024-01-23,A,9.89,1.97,0.7,30.23,1.12,6.18,0.11,EUR,Yes,7.22
2024-01-24,C,7.06,3.53,0.58,16.81,1.42,4.96,0.08,USD,Yes,2.95
2024-01-25,B,2.33,3.36,0.71,15.33,1.26,4.68,0.15,USD,No,0.0
2024-01-26,D,3.39,3.76,0.45,33.73,1.07,5.02,0.07,GBP,No,0.0
2024-01-27,D,9.4,4.51,0.33,28.2,1.41,5.67,0.13,GBP,Yes,4.56
2024-01-28,B,3.93,1.37,0.91,33.01,1.32,5.02,0.1,GBP,Yes,1.65
2024-01-29,C,7.81,4.59,0.9,30.6,1.32,4.25,0.07,EUR,Yes,2.32
2024-01-30,C,9.19,3.43,0.11,17.03,1.33,4.02,0.07,USD,Yes,5.65
2024-01-31,B,6.39,3.77,0.69,19.49,1.36,4.71,0.1,EUR,Yes,1.93
2024-02-01,B,7.97,3.6,0.86,28.15,1.28,4.28,0.11,JPY,Yes,3.51
2024-02-02,D,4.12,1.98,0.98,22.86,1.45,5.89,0.17,GBP,Yes,1.16
2024-02-03,B,6.02,3.31,0.54,18.9,1.36,4.84,0.05,GBP,Yes,2.17
2024-02-04,A,7.16,1.71,0.95,34.08,1.46,5.11,0.05,EUR,Yes,4.5
2024-02-05,A,9.43,2.71,0.97,34.27,1.43,4.88,0.11,GBP,Yes,5.75
2024-02-06,D,8.81,2.27,0.25,26.14,1.47,6.09,0.14,GBP,Yes,6.29
2024-02-07,A,2.78,3.46,0.99,17.8,1.26,6.63,0.16,EUR,No,0.0
2024-02-08,C,7.58,3.81,0.42,20.87,1.4,6.43,0.18,EUR,Yes,3.35
2024-02-09,D,9.31,3.05,0.55,30.97,1.32,6.11,0.17,JPY,Yes,5.71
2024-02-10,D,9.12,2.35,0.44,16.88,1.29,4.11,0.12,EUR,Yes,6.33
2024-02-11,C,6.34,2.15,0.63,15.61,1.02,6.47,0.1,EUR,Yes,3.56
2024-02-12,B,3.02,3.09,0.79,19.32,1.31,4.26,0.06,GBP,No,0.0
2024-02-13,D,6.25,3.16,0.67,29.52,1.49,5.55,0.1,JPY,Yes,2.42
2024-02-14,C,8.36,2.08,0.5,16.57,1.01,6.89,0.18,EUR,Yes,5.78
2024-02-15,B,7.57,2.64,0.26,18.13,1.13,5.65,0.16,JPY,Yes,4.67
2024-02-16,A,7.28,2.12,0.96,29.76,1.28,5.84,0.11,USD,Yes,4.2
2024-02-17,A,3.98,2.42,0.78,15.29,1.06,4.14,0.06,EUR,Yes,0.78
2024-02-18,B,8.84,3.81,0.53,16.96,1.25,5.42,0.08,JPY,Yes,4.5
2024-02-19,A,5.47,2.59,0.65,27.7,1.02,5.12,0.14,JPY,Yes,2.23
2024-02-20,D,6.03,4.43,0.69,18.26,1.04,5.93,0.05,JPY,Yes,0.91
2024-02-21,C,6.69,4.76,0.62,22.76,1.32,5.37,0.13,USD,Yes,1.31
2024-02-22,A,9.53,2.54,0.97,33.11,1.1,4.21,0.07,GBP,Yes,6.02
2024-02-23,C,2.15,1.38,0.71,16.42,1.16,6.53,0.05,USD,Yes,0.06
2024-02-24,C,8.52,2.13,0.21,28.93,1.31,6.63,0.16,JPY,Yes,6.18
2024-02-25,B,8.43,2.13,0.26,30.01,1.4,6.97,0.11,JPY,Yes,6.04
2024-02-26,A,4.98,4.11,0.41,33.62,1.43,5.29,0.16,GBP,Yes,0.46
2024-02-27,B,8.04,1.41,0.91,25.11,1.41,4.96,0.18,USD,Yes,5.72
2024-02-28,C,5.11,1.04,0.91,16.83,1.16,6.85,0.19,EUR,Yes,3.16
2024-02-29,B,6.59,3.53,0.5,20.86,1.16,6.02,0.16,GBP,Yes,2.56
2024-03-01,B,8.33,4.16,0.18,24.89,1.03,5.65,0.12,USD,Yes,3.99
2024-03-02,C,9.1,2.4,0.21,17.86,1.38,5.85,0.07,JPY,Yes,6.49
2024-03-03,A,2.67,3.8,0.17,31.44,1.35,4.24,0.06,USD,No,0.0
2024-03-04,C,9.89,2.5,0.43,31.26,1.47,6.96,0.16,GBP,Yes,6.96
2024-03-05,B,5.01,1.33,0.8,26.17,1.21,6.72,0.07,USD,Yes,2.88
2024-03-06,B,5.94,1.05,0.52,16.13,1.06,4.35,0.15,USD,Yes,4.37
2024-03-07,A,7.97,3.33,0.97,22.5,1.14,6.61,0.08,JPY,Yes,3.67
2024-03-08,A,9.71,1.05,0.97,15.86,1.45,5.58,0.2,EUR,Yes,7.69
2024-03-09,B,2.59,3.22,0.97,25.46,1.31,6.09,0.12,JPY,No,0.0
2024-03-10,B,7.02,3.34,0.91,15.91,1.14,6.85,0.18,GBP,Yes,2.77
2024-03-11,D,5.65,3.48,0.35,18.76,1.23,5.06,0.14,EUR,Yes,1.82
2024-03-12,B,2.62,4.9,0.99,28.96,1.27,4.93,0.17,GBP,No,0.0
2024-03-13,D,7.48,1.65,0.92,31.45,1.47,6.18,0.14,GBP,Yes,4.91
2024-03-14,D,5.35,4.73,0.88,15.9,1.01,5.13,0.17,JPY,No,0.0
2024-03-15,A,9.9,1.6,0.63,22.62,1.48,6.53,0.18,EUR,Yes,7.67
2024-03-16,B,5.75,2.66,0.35,16.13,1.43,6.44,0.2,USD,Yes,2.74
2024-03-17,C,9.97,3.22,0.79,33.9,1.42,4.74,0.12,USD,Yes,5.96
2024-03-18,B,3.03,4.82,0.65,19.57,1.34,5.85,0.1,EUR,No,0.0
2024-03-19,A,2.91,3.69,0.57,30.45,1.26,6.56,0.13,USD,No,0.0
2024-03-20,A,6.49,4.51,0.46,17.68,1.01,6.27,0.14,EUR,Yes,1.52
2024-03-21,A,7.63,1.85,0.22,15.29,1.18,5.77,0.11,USD,Yes,5.56
2024-03-22,C,5.5,4.62,0.41,25.28,1.39,5.19,0.14,USD,Yes,0.47
2024-03-23,B,8.9,4.8,0.23,33.53,1.25,4.77,0.12,GBP,Yes,3.87
2024-03-24,D,9.84,2.97,0.4,27.67,1.12,4.23,0.07,EUR,Yes,6.47
2024-03-25,B,3.02,1.61,0.22,27.82,1.09,5.04,0.18,JPY,Yes,1.19
2024-03-26,B,5.79,3.67,0.26,18.85,1.02,4.51,0.09,JPY,Yes,1.86
2024-03-27,D,3.42,1.35,0.21,24.22,1.1,5.09,0.13,EUR,Yes,1.86
2024-03-28,A,7.52,1.16,0.82,27.56,1.04,6.62,0.19,USD,Yes,5.54
2024-03-29,D,2.49,2.11,0.83,29.97,1.09,4.63,0.11,GBP,No,0.0
2024-03-30,D,5.88,3.47,0.43,24.25,1.37,4.11,0.09,JPY,Yes,1.98
2024-03-31,D,7.71,4.58,0.56,25.64,1.05,5.34,0.13,USD,Yes,2.57
2024-04-01,A,3.94,2.08,0.44,15.4,1.16,4.63,0.1,USD,Yes,1.42
2024-04-02,D,2.96,4.56,0.63,28.58,1.39,5.5,0.06,GBP,No,0.0
2024-04-03,A,6.3,3.35,0.77,23.63,1.06,4.85,0.1,EUR,Yes,2.18
2024-04-04,B,7.17,3.28,0.42,34.73,1.3,4.71,0.07,EUR,Yes,3.47
2024-04-05,D,3.22,1.98,0.24,18.73,1.14,4.52,0.18,EUR,Yes,1.0
2024-04-06,D,2.64,3.1,0.47,34.65,1.06,5.19,0.2,EUR,No,0.0
2024-04-07,C,8.92,4.27,0.33,18.42,1.33,6.79,0.13,JPY,Yes,4.32
2024-04-08,B,6.57,2.12,0.79,18.74,1.16,5.28,0.13,USD,Yes,3.66
2024-04-09,D,3.94,1.46,0.65,20.77,1.29,4.46,0.12,USD,Yes,1.83
2024-04-10,A,6.26,1.21,0.4,17.69,1.03,6.97,0.1,USD,Yes,4.65
2024-04-11,A,8.48,2.02,0.71,30.2,1.3,5.41,0.11,EUR,Yes,5.75
2024-04-12,B,4.79,4.72,0.85,34.3,1.06,6.19,0.19,JPY,No,0.0
2024-04-13,D,3.45,1.27,0.77,26.49,1.42,4.42,0.17,JPY,Yes,1.41
2024-04-14,B,3.61,1.65,0.25,31.29,1.33,5.57,0.1,JPY,Yes,1.71
2024-04-15,A,9.02,2.57,0.83,23.78,1.19,5.39,0.1,EUR,Yes,5.62
2024-04-16,D,7.98,3.01,0.31,32.99,1.19,5.63,0.19,USD,Yes,4.66
2024-04-17,D,6.99,1.47,0.95,27.55,1.17,4.42,0.17,GBP,Yes,4.57
2024-04-18,D,6.96,3.13,0.9,30.77,1.08,4.94,0.09,GBP,Yes,2.93
2024-04-19,D,7.95,1.13,0.61,30.25,1.44,5.03,0.17,JPY,Yes,6.21
2024-04-20,B,2.89,4.39,0.21,22.95,1.4,4.45,0.08,EUR,No,0.0
2024-04-21,C,7.78,3.88,0.68,28.88,1.27,4.76,0.1,EUR,Yes,3.22
2024-04-22,A,3.45,4.63,0.63,23.02,1.23,6.84,0.07,USD,No,0.0
2024-04-23,C,6.69,3.02,0.65,15.36,1.44,6.8,0.13,USD,Yes,3.02
2024-04-24,A,7.57,4.69,0.74,18.05,1.29,5.82,0.11,JPY,Yes,2.14
2024-04-25,B,7.89,4.74,0.93,24.02,1.06,6.95,0.18,USD,Yes,2.22
2024-04-26,A,3.0,4.68,0.88,25.38,1.3,5.2,0.06,EUR,No,0.0
2024-04-27,A,4.68,4.21,0.1,21.67,1.2,5.61,0.19,USD,Yes,0.37
2024-04-28,B,4.77,2.39,0.76,24.04,1.11,5.36,0.07,JPY,Yes,1.62
2024-04-29,A,3.41,2.99,0.48,33.3,1.18,5.74,0.14,EUR,No,0.0
2024-04-30,A,2.1,3.65,0.26,34.22,1.07,5.24,0.06,USD,No,0.0
2024-05-01,D,9.97,3.01,0.64,16.34,1.37,4.63,0.18,GBP,Yes,6.32
2024-05-02,C,3.64,1.76,0.13,24.44,1.28,4.2,0.17,EUR,Yes,1.75
2024-05-03,C,5.63,3.1,0.5,23.02,1.28,4.47,0.08,EUR,Yes,2.03
2024-05-04,C,8.89,4.78,0.44,20.41,1.32,5.23,0.05,JPY,Yes,3.67
2024-05-05,B,3.25,3.86,0.69,15.54,1.11,4.69,0.15,GBP,No,0.0
2024-05-06,D,2.16,1.42,0.82,18.57,1.33,4.71,0.06,GBP,No,0.0
2024-05-07,A,3.95,3.89,0.87,31.6,1.2,6.0,0.08,USD,No,0.0
2024-05-08,D,4.35,4.59,0.11,16.71,1.1,4.08,0.08,USD,No,0.0
2024-05-09,A,6.66,2.69,0.9,31.35,1.17,4.78,0.11,EUR,Yes,3.07
2024-05-10,C,6.72,2.07,0.66,23.19,1.28,5.31,0.09,EUR,Yes,3.99
2024-05-11,C,9.59,4.05,0.23,32.37,1.24,6.68,0.17,USD,Yes,5.31
2024-05-12,B,5.4,1.09,0.34,25.83,1.32,4.77,0.07,GBP,Yes,3.97
2024-05-13,C,8.68,4.94,0.57,18.43,1.14,4.06,0.19,EUR,Yes,3.17
2024-05-14,D,2.94,3.31,0.35,26.08,1.33,6.49,0.08,GBP,No,0.0
2024-05-15,A,2.09,1.55,0.91,32.48,1.3,5.8,0.15,GBP,No,0.0
2024-05-16,A,3.4,4.66,0.48,22.66,1.26,4.14,0.07,EUR,No,0.0
2024-05-17,C,7.9,1.33,0.64,19.91,1.19,4.87,0.1,USD,Yes,5.93
2024-05-18,A,7.75,2.19,0.61,24.52,1.33,6.81,0.16,EUR,Yes,4.95
2024-05-19,C,3.72,1.12,0.34,26.9,1.03,5.49,0.14,GBP,Yes,2.26
2024-05-20,B,4.67,4.08,0.2,16.5,1.36,5.49,0.15,GBP,Yes,0.39
2024-05-21,B,5.48,1.99,0.84,30.99,1.35,4.82,0.14,GBP,Yes,2.65
2024-05-22,D,4.89,1.37,0.93,17.74,1.48,5.34,0.08,GBP,Yes,2.59
2024-05-23,A,6.34,4.49,0.76,31.13,1.33,6.08,0.18,USD,Yes,1.09
2024-05-24,D,4.0,2.96,0.3,34.75,1.47,4.12,0.16,GBP,Yes,0.74
2024-05-25,A,9.4,1.72,0.61,33.31,1.02,6.09,0.09,USD,Yes,7.07
2024-05-26,C,9.4,4.88,0.95,24.48,1.43,6.53,0.1,EUR,Yes,3.57
2024-05-27,C,8.63,1.15,0.64,19.6,1.06,4.23,0.15,EUR,Yes,6.84
2024-05-28,D,4.72,3.9,0.16,21.31,1.27,6.37,0.1,JPY,Yes,0.66
2024-05-29,A,7.01,4.54,0.65,19.66,1.01,6.61,0.05,USD,Yes,1.82
2024-05-30,A,9.0,3.12,0.95,30.98,1.5,5.05,0.17,EUR,Yes,4.93
2024-05-31,A,5.22,2.92,0.66,32.47,1.49,6.3,0.11,GBP,Yes,1.64
2024-06-01,B,5.37,3.95,0.31,17.21,1.18,4.86,0.09,JPY,Yes,1.11
2024-06-02,B,3.87,1.17,0.12,34.75,1.21,5.15,0.15,USD,Yes,2.58
2024-06-03,C,3.75,4.8,0.81,16.79,1.21,6.64,0.19,GBP,No,0.0
2024-06-04,A,5.74,3.45,0.25,34.82,1.12,6.83,0.15,GBP,Yes,2.04
2024-06-05,B,6.86,3.05,0.31,18.53,1.11,4.56,0.17,EUR,Yes,3.5
2024-06-06,A,4.8,1.23,0.97,32.68,1.46,6.98,0.08,GBP,Yes,2.6
2024-06-07,D,5.17,4.03,0.73,18.08,1.41,4.67,0.08,EUR,Yes,0.41
2024-06-08,B,6.3,3.37,0.62,16.83,1.44,4.8,0.07,EUR,Yes,2.31
2024-06-09,B,9.11,4.82,0.88,31.19,1.33,5.65,0.06,JPY,Yes,3.41
2024-06-10,A,5.27,2.49,0.33,29.47,1.25,4.24,0.08,EUR,Yes,2.45
2024-06-11,C,7.47,1.3,0.87,24.9,1.24,5.78,0.17,JPY,Yes,5.3
2024-06-12,B,4.78,3.71,0.61,20.34,1.44,6.39,0.15,GBP,Yes,0.46
2024-06-13,B,8.8,4.47,0.74,31.74,1.35,6.04,0.14,USD,Yes,3.59
2024-06-14,D,8.02,1.63,0.89,32.44,1.01,6.48,0.07,USD,Yes,5.5
2024-06-15,D,4.68,3.97,0.24,31.36,1.42,5.52,0.05,EUR,Yes,0.47
2024-06-16,B,4.3,3.47,0.98,27.64,1.13,5.9,0.13,JPY,No,0.0
2024-06-17,C,8.24,1.43,0.78,25.83,1.48,5.03,0.14,GBP,Yes,6.03
2024-06-18,B,9.46,1.41,0.94,28.76,1.03,4.9,0.16,EUR,Yes,7.11
2024-06-19,A,2.54,3.33,0.41,27.42,1.02,6.61,0.2,EUR,No,0.0
2024-06-20,D,9.75,4.0,0.22,30.17,1.01,4.07,0.1,GBP,Yes,5.53
2024-06-21,C,5.91,4.08,0.71,23.92,1.14,6.99,0.11,USD,Yes,1.12
2024-06-22,C,5.61,1.65,0.82,28.87,1.11,4.25,0.15,GBP,Yes,3.14
2024-06-23,D,7.24,2.09,0.96,18.02,1.22,6.83,0.11,GBP,Yes,4.19
2024-06-24,A,7.11,2.59,0.35,34.68,1.2,6.68,0.08,USD,Yes,4.17
2024-06-25,C,3.7,1.12,0.69,22.37,1.43,5.42,0.2,EUR,Yes,1.89
2024-06-26,C,3.48,4.47,0.8,30.42,1.42,6.28,0.14,USD,No,0.0
2024-06-27,A,3.05,1.13,0.93,27.33,1.4,5.44,0.07,JPY,Yes,0.99
2024-06-28,C,3.0,3.74,0.49,19.01,1.25,4.19,0.14,GBP,No,0.0
2024-06-29,D,4.15,4.19,0.38,24.1,1.01,4.22,0.11,USD,No,0.0
2024-06-30,D,5.84,3.4,0.36,28.9,1.43,6.34,0.06,EUR,Yes,2.08
2024-07-01,C,5.84,1.42,0.32,34.73,1.07,5.5,0.14,USD,Yes,4.1
2024-07-02,D,7.62,3.24,0.11,21.53,1.26,4.26,0.1,USD,Yes,4.27
2024-07-03,B,2.27,1.31,0.46,17.65,1.28,6.07,0.17,GBP,Yes,0.5
2024-07-04,D,3.6,1.67,0.19,27.73,1.35,4.09,0.19,USD,Yes,1.74
2024-07-05,C,2.42,3.17,0.74,32.42,1.36,6.41,0.1,GBP,No,0.0
2024-07-06,A,8.52,1.32,0.91,25.95,1.41,5.36,0.15,GBP,Yes,6.29
2024-07-07,C,6.21,3.93,0.17,16.21,1.12,4.48,0.18,JPY,Yes,2.11
2024-07-08,C,3.75,4.9,0.4,18.64,1.39,5.98,0.12,JPY,No,0.0
2024-07-09,C,6.44,3.88,0.31,34.93,1.49,5.95,0.08,EUR,Yes,2.25
2024-07-10,B,7.44,1.29,0.13,20.15,1.23,6.6,0.16,JPY,Yes,6.02
2024-07-11,D,7.94,2.7,0.41,22.42,1.49,4.12,0.18,EUR,Yes,4.83
2024-07-12,C,6.63,2.75,0.75,24.73,1.44,6.7,0.11,JPY,Yes,3.13
2024-07-13,A,4.21,3.37,0.92,19.21,1.31,5.89,0.16,GBP,No,0.0
2024-07-14,C,3.05,3.86,0.92,18.59,1.12,6.91,0.08,EUR,No,0.0
2024-07-15,D,8.84,2.97,0.32,32.41,1.22,5.54,0.1,GBP,Yes,5.55
2024-07-16,D,6.74,1.65,0.45,34.39,1.13,5.97,0.1,JPY,Yes,4.64
2024-07-17,D,8.19,1.52,0.97,24.08,1.12,4.22,0.08,EUR,Yes,5.7
2024-07-18,D,6.16,2.35,0.85,23.62,1.12,5.85,0.16,EUR,Yes,2.96
2024-07-19,A,3.34,1.67,0.13,29.73,1.33,5.42,0.18,GBP,Yes,1.54
2024-07-20,C,8.45,3.34,0.88,19.12,1.06,4.81,0.06,USD,Yes,4.23
2024-07-21,B,6.25,4.75,0.14,17.44,1.23,6.8,0.1,GBP,Yes,1.36
2024-07-22,B,6.06,1.17,0.23,34.73,1.48,4.01,0.19,EUR,Yes,4.66
2024-07-23,B,7.11,4.47,0.51,25.31,1.24,6.0,0.07,USD,Yes,2.13
2024-07-24,A,2.24,2.23,0.73,19.04,1.34,6.91,0.06,EUR,No,0.0
2024-07-25,D,7.38,2.78,0.88,18.54,1.35,6.51,0.19,USD,Yes,3.72
2024-07-26,D,7.47,2.99,0.66,32.38,1.29,4.09,0.19,JPY,Yes,3.82
2024-07-27,B,7.52,3.71,0.29,28.18,1.2,5.95,0.07,JPY,Yes,3.52
2024-07-28,D,7.26,5.0,0.14,34.54,1.2,6.61,0.17,JPY,Yes,2.12
2024-07-29,B,6.54,3.95,0.89,23.08,1.16,6.0,0.17,EUR,Yes,1.7
2024-07-30,A,8.1,4.19,0.49,31.36,1.06,5.63,0.05,USD,Yes,3.42
2024-07-31,D,4.6,2.47,0.46,28.91,1.19,5.35,0.09,EUR,Yes,1.67
2024-08-01,B,4.99,1.91,0.17,27.07,1.33,5.86,0.12,JPY,Yes,2.91
2024-08-02,A,5.04,4.45,0.57,24.58,1.01,5.02,0.11,EUR,No,0.0
2024-08-03,A,5.19,3.32,0.58,27.16,1.38,6.44,0.16,JPY,Yes,1.29
2024-08-04,B,9.64,1.07,0.28,15.15,1.32,6.69,0.09,JPY,Yes,8.29
2024-08-05,C,9.42,1.24,0.94,22.03,1.05,5.46,0.09,JPY,Yes,7.24
2024-08-06,D,4.28,2.23,0.82,25.78,1.16,5.83,0.16,JPY,Yes,1.23
2024-08-07,B,4.18,2.65,0.21,18.62,1.34,4.54,0.13,JPY,Yes,1.32
2024-08-08,D,7.67,1.43,0.61,20.13,1.48,5.45,0.17,GBP,Yes,5.63
2024-08-09,B,6.4,1.17,0.67,34.03,1.3,6.46,0.18,GBP,Yes,4.56
2024-08-10,D,3.82,1.85,0.65,23.22,1.42,6.7,0.1,EUR,Yes,1.32
2024-08-11,C,3.89,4.12,0.35,31.45,1.21,6.0,0.06,JPY,No,0.0
2024-08-12,A,6.99,2.81,0.63,18.36,1.37,6.59,0.08,GBP,Yes,3.55
2024-08-13,B,2.77,1.09,0.68,27.14,1.27,4.7,0.11,GBP,Yes,1.0
2024-08-14,C,6.76,2.99,0.99,17.73,1.35,5.21,0.11,GBP,Yes,2.78
2024-08-15,A,7.74,3.77,0.99,17.57,1.05,6.17,0.14,EUR,Yes,2.98
2024-08-16,B,4.19,1.32,0.18,32.88,1.1,4.97,0.08,EUR,Yes,2.69
2024-08-17,D,4.84,1.28,0.57,16.35,1.4,4.7,0.13,EUR,Yes,2.99
2024-08-18,B,9.04,3.6,0.58,21.49,1.17,6.01,0.2,USD,Yes,4.86
2024-08-19,D,7.29,3.23,0.76,24.3,1.03,5.69,0.19,JPY,Yes,3.3
2024-08-20,C,3.4,3.76,0.28,25.72,1.05,5.35,0.16,JPY,No,0.0
2024-08-21,D,4.78,3.66,0.82,33.54,1.12,5.2,0.07,USD,Yes,0.3
2024-08-22,B,9.94,4.71,0.59,31.84,1.26,5.87,0.06,JPY,Yes,4.64
2024-08-23,D,8.04,1.51,0.84,30.64,1.35,4.11,0.1,USD,Yes,5.69
2024-08-24,D,4.1,2.44,0.18,33.74,1.28,4.92,0.11,JPY,Yes,1.48
2024-08-25,A,5.58,3.4,0.56,33.39,1.25,6.98,0.18,GBP,Yes,1.62
2024-08-26,C,3.67,4.72,0.2,31.35,1.19,6.63,0.18,JPY,No,0.0
2024-08-27,D,8.45,4.16,0.37,16.62,1.2,4.52,0.15,EUR,Yes,3.92
2024-08-28,D,4.77,4.9,0.68,31.45,1.07,6.59,0.19,EUR,No,0.0
2024-08-29,C,5.9,3.43,0.79,18.5,1.25,5.2,0.07,JPY,Yes,1.68
2024-08-30,D,4.94,1.27,0.12,17.7,1.48,5.65,0.19,USD,Yes,3.55
2024-08-31,D,5.46,2.25,0.56,23.79,1.05,5.92,0.08,GBP,Yes,2.65
2024-09-01,D,6.96,3.6,0.24,16.23,1.39,5.38,0.06,EUR,Yes,3.12
2024-09-02,D,9.96,1.23,0.73,34.67,1.12,4.43,0.07,EUR,Yes,8.0
2024-09-03,A,4.43,1.4,0.72,16.25,1.25,6.99,0.17,JPY,Yes,2.31
2024-09-04,A,6.92,2.23,0.66,25.54,1.21,4.39,0.18,USD,Yes,4.03
2024-09-05,D,5.6,1.78,0.43,23.28,1.41,6.2,0.17,EUR,Yes,3.39
2024-09-06,D,2.09,2.66,0.53,15.38,1.13,6.28,0.07,EUR,No,0.0
2024-09-07,A,6.28,1.86,0.11,19.82,1.49,6.4,0.19,GBP,Yes,4.31
2024-09-08,D,5.9,1.44,0.59,24.09,1.42,4.29,0.12,GBP,Yes,3.87
2024-09-09,B,3.2,2.3,0.76,24.52,1.19,5.18,0.12,JPY,Yes,0.14
2024-09-10,C,8.28,4.57,0.96,30.74,1.16,6.06,0.12,GBP,Yes,2.75
2024-09-11,D,4.04,4.36,0.13,33.04,1.23,5.91,0.15,GBP,No,0.0
2024-09-12,D,9.16,3.55,0.65,16.33,1.26,4.45,0.16,GBP,Yes,4.96
2024-09-13,A,6.1,3.72,0.14,16.7,1.36,4.22,0.06,JPY,Yes,2.24
2024-09-14,A,2.1,4.83,0.76,22.07,1.15,5.05,0.17,USD,No,0.0
2024-09-15,C,7.29,1.74,0.26,16.97,1.33,6.29,0.09,EUR,Yes,5.29
2024-09-16,A,2.17,1.33,0.97,20.91,1.38,5.87,0.11,USD,No,0.0
2024-09-17,A,3.65,1.49,0.65,30.49,1.32,5.59,0.06,EUR,Yes,1.51
2024-09-18,B,9.75,4.19,0.36,34.6,1.3,5.75,0.16,USD,Yes,5.2
2024-09-19,B,8.49,3.63,0.22,21.77,1.46,4.67,0.11,EUR,Yes,4.64
2024-09-20,B,5.46,2.76,0.65,33.86,1.12,4.36,0.08,JPY,Yes,2.05
2024-09-21,A,9.1,3.58,0.36,31.32,1.43,6.54,0.19,EUR,Yes,5.16
2024-09-22,D,4.02,4.02,0.51,31.84,1.36,6.33,0.15,GBP,No,0.0
2024-09-23,C,3.42,3.18,0.99,33.75,1.02,4.49,0.07,EUR,No,0.0
2024-09-24,A,7.81,4.27,0.29,25.12,1.42,6.2,0.13,EUR,Yes,3.25
2024-09-25,C,6.72,3.03,0.37,26.3,1.34,6.62,0.15,USD,Yes,3.32
2024-09-26,A,8.09,1.64,0.52,15.19,1.12,6.18,0.2,GBP,Yes,5.93
2024-09-27,D,2.79,2.61,0.82,19.08,1.28,6.2,0.14,JPY,No,0.0
2024-09-28,B,3.5,2.42,0.81,26.08,1.0,6.28,0.06,USD,Yes,0.27
2024-09-29,B,7.97,1.81,0.96,22.36,1.16,4.45,0.1,USD,Yes,5.2
2024-09-30,C,9.01,4.99,0.43,23.97,1.36,6.66,0.14,USD,Yes,3.59
2024-10-01,A,5.13,2.65,0.73,15.06,1.31,5.07,0.17,GBP,Yes,1.75
2024-10-02,D,2.74,3.35,0.53,27.85,1.03,5.74,0.13,GBP,No,0.0
2024-10-03,A,6.49,3.41,0.71,31.1,1.13,6.48,0.12,GBP,Yes,2.37
2024-10-04,A,2.62,1.23,0.4,30.7,1.35,6.37,0.13,JPY,Yes,0.99
2024-10-05,D,5.52,1.59,0.4,23.68,1.04,4.66,0.14,USD,Yes,3.53
2024-10-06,D,7.89,4.99,0.94,27.85,1.21,5.91,0.17,GBP,Yes,1.96
2024-10-07,D,2.95,2.64,0.86,22.68,1.29,5.76,0.08,EUR,No,0.0
2024-10-08,D,4.9,2.34,0.12,15.48,1.42,4.82,0.13,EUR,Yes,2.44
2024-10-09,C,4.39,4.76,0.33,23.59,1.44,6.53,0.08,JPY,No,0.0
2024-10-10,D,8.42,2.83,0.53,17.67,1.04,6.18,0.12,JPY,Yes,5.06
2024-10-11,C,5.49,3.92,0.79,18.18,1.31,4.41,0.16,GBP,Yes,0.78
2024-10-12,B,7.26,4.83,0.16,16.14,1.14,4.79,0.09,USD,Yes,2.27
2024-10-13,C,9.25,2.0,0.34,30.19,1.22,6.33,0.06,JPY,Yes,6.91
2024-10-14,B,5.9,1.13,0.16,33.13,1.07,5.6,0.11,JPY,Yes,4.61
2024-10-15,D,4.78,4.6,0.12,28.28,1.48,5.68,0.19,GBP,No,0.0
2024-10-16,A,2.42,2.68,0.33,29.62,1.49,4.77,0.15,JPY,No,0.0
2024-10-17,C,3.58,3.26,0.52,34.44,1.3,5.05,0.07,EUR,No,0.0
2024-10-18,D,3.21,1.9,0.33,32.01,1.28,5.57,0.07,EUR,Yes,0.98
2024-10-19,C,8.88,3.89,0.16,29.16,1.27,4.25,0.12,GBP,Yes,4.83
2024-10-20,C,5.88,1.66,0.95,32.0,1.33,5.39,0.11,GBP,Yes,3.27
2024-10-21,C,7.21,3.18,0.16,25.25,1.4,5.38,0.06,USD,Yes,3.87
2024-10-22,B,8.29,1.81,0.33,18.29,1.17,6.27,0.13,USD,Yes,6.15
2024-10-23,B,3.64,4.51,0.89,32.41,1.12,5.35,0.2,JPY,No,0.0
2024-10-24,D,8.18,1.11,0.16,24.28,1.45,5.62,0.12,EUR,Yes,6.91
2024-10-25,D,2.84,3.63,0.84,22.61,1.39,6.89,0.08,JPY,No,0.0
2024-10-26,D,6.19,2.15,0.81,26.55,1.32,6.39,0.11,USD,Yes,3.23
2024-10-27,A,9.32,3.13,0.24,28.92,1.4,4.95,0.18,GBP,Yes,5.95
2024-10-28,B,9.25,2.11,0.99,17.81,1.1,4.55,0.18,JPY,Yes,6.15
2024-10-29,B,7.23,1.61,0.5,27.31,1.04,6.65,0.17,GBP,Yes,5.12
2024-10-30,C,6.04,4.87,0.48,34.68,1.33,5.9,0.07,JPY,Yes,0.69
2024-10-31,C,9.06,2.71,0.25,15.25,1.28,5.58,0.16,JPY,Yes,6.1
2024-11-01,C,9.12,1.32,0.76,18.75,1.43,6.46,0.13,GBP,Yes,7.04
2024-11-02,D,7.68,2.26,0.52,31.43,1.23,5.07,0.12,GBP,Yes,4.9
2024-11-03,C,8.63,2.34,0.26,29.24,1.41,4.3,0.09,GBP,Yes,6.03
2024-11-04,B,3.14,2.39,0.51,29.98,1.33,5.86,0.1,USD,Yes,0.24
2024-11-05,B,8.73,2.89,0.98,27.68,1.06,6.03,0.1,GBP,Yes,4.86
2024-11-06,A,7.49,1.28,0.26,32.11,1.11,6.51,0.09,EUR,Yes,5.95
2024-11-07,B,7.14,3.78,0.56,21.11,1.11,4.1,0.1,EUR,Yes,2.8
2024-11-08,D,7.23,4.75,0.88,30.32,1.39,5.99,0.09,GBP,Yes,1.6
2024-11-09,C,9.26,3.68,0.6,17.22,1.22,5.38,0.18,USD,Yes,4.98
2024-11-10,B,6.37,2.52,0.98,17.21,1.21,4.13,0.16,GBP,Yes,2.87
2024-11-11,B,9.34,2.12,0.87,20.84,1.46,6.26,0.17,GBP,Yes,6.35
2024-11-12,B,2.14,4.85,0.75,21.1,1.41,4.84,0.18,GBP,No,0.0
2024-11-13,A,2.9,3.81,0.59,16.93,1.12,4.04,0.12,EUR,No,0.0
2024-11-14,C,4.41,3.39,0.37,21.0,1.37,4.14,0.19,USD,Yes,0.65
2024-11-15,A,8.82,3.67,0.63,32.85,1.09,4.24,0.09,GBP,Yes,4.52
2024-11-16,B,8.36,1.14,0.62,34.91,1.43,5.56,0.06,JPY,Yes,6.6
2024-11-17,A,8.65,3.4,0.2,16.88,1.45,6.01,0.17,USD,Yes,5.05
2024-11-18,C,9.03,3.29,0.57,23.61,1.16,5.3,0.17,JPY,Yes,5.17
2024-11-19,D,6.82,4.57,0.5,27.14,1.32,5.78,0.16,JPY,Yes,1.75
2024-11-20,C,3.9,3.05,0.19,22.69,1.24,5.96,0.19,EUR,Yes,0.66
2024-11-21,A,6.81,3.97,0.56,27.68,1.04,4.76,0.1,GBP,Yes,2.28
2024-11-22,D,5.78,1.18,0.23,20.54,1.49,4.99,0.12,USD,Yes,4.37
2024-11-23,A,3.57,3.44,0.35,19.14,1.26,4.02,0.05,JPY,No,0.0
2024-11-24,D,3.75,1.15,0.2,21.78,1.4,5.72,0.13,USD,Yes,2.4
2024-11-25,A,4.35,4.73,0.46,16.74,1.31,4.34,0.1,EUR,No,0.0
2024-11-26,B,6.06,4.5,0.54,29.05,1.5,4.39,0.09,GBP,Yes,1.02
2024-11-27,A,5.16,2.69,0.47,33.15,1.36,5.82,0.1,EUR,Yes,2.0
2024-11-28,A,8.59,4.82,0.84,15.03,1.32,4.15,0.09,JPY,Yes,2.93
2024-11-29,B,2.48,3.42,0.72,17.29,1.19,5.37,0.11,JPY,No,0.0
2024-11-30,D,2.97,2.68,0.78,16.42,1.04,5.06,0.19,JPY,No,0.0
2024-12-01,C,7.35,3.71,0.43,26.87,1.01,5.91,0.19,JPY,Yes,3.21
2024-12-02,C,6.9,4.49,0.75,17.41,1.45,4.2,0.13,USD,Yes,1.66
2024-12-03,A,3.14,1.05,0.48,20.9,1.24,5.73,0.06,EUR,Yes,1.61
2024-12-04,B,2.98,3.23,0.41,29.58,1.33,6.54,0.15,GBP,No,0.0
2024-12-05,A,5.44,3.69,0.35,21.13,1.39,5.34,0.17,EUR,Yes,1.4
2024-12-06,B,8.58,4.43,0.92,23.62,1.16,5.75,0.11,EUR,Yes,3.23
2024-12-07,A,6.81,3.82,0.72,22.49,1.08,5.29,0.07,EUR,Yes,2.27
2024-12-08,A,9.12,2.38,0.24,15.51,1.32,5.91,0.1,JPY,Yes,6.5
2024-12-09,D,2.57,2.64,0.38,28.54,1.3,5.09,0.08,JPY,No,0.0
2024-12-10,C,9.9,2.82,0.72,17.81,1.24,4.08,0.13,USD,Yes,6.36
2024-12-11,B,9.71,2.54,0.14,15.62,1.19,4.48,0.05,GBP,Yes,7.03
2024-12-12,C,8.05,2.83,0.36,33.0,1.06,6.87,0.1,JPY,Yes,4.86
2024-12-13,A,9.11,3.41,0.84,34.68,1.14,6.88,0.11,EUR,Yes,4.86
2024-12-14,C,5.08,2.36,0.59,18.08,1.28,5.63,0.16,EUR,Yes,2.13
2024-12-15,D,8.67,2.76,0.37,20.19,1.1,4.17,0.1,USD,Yes,5.54
2024-12-16,B,4.16,4.87,0.6,21.95,1.29,4.42,0.12,EUR,No,0.0
2024-12-17,C,7.01,2.96,0.46,34.88,1.44,5.87,0.14,EUR,Yes,3.59
2024-12-18,A,6.97,1.81,0.46,15.79,1.24,5.63,0.08,USD,Yes,4.7
2024-12-19,B,9.71,4.64,0.75,25.67,1.43,4.39,0.17,GBP,Yes,4.32
2024-12-20,C,3.0,4.18,0.35,32.54,1.47,4.45,0.12,JPY,No,0.0
2024-12-21,A,9.85,2.93,0.88,26.77,1.19,4.86,0.08,JPY,Yes,6.04
2024-12-22,C,8.09,2.55,0.56,24.85,1.29,6.6,0.2,JPY,Yes,4.98
2024-12-23,C,5.26,4.31,0.79,26.47,1.48,4.6,0.07,JPY,Yes,0.16
2024-12-24,D,8.83,2.76,0.86,32.86,1.03,6.65,0.12,USD,Yes,5.21
2024-12-25,A,6.08,3.51,0.93,15.38,1.24,6.06,0.16,JPY,Yes,1.64
2024-12-26,C,7.54,1.54,0.37,22.17,1.4,4.84,0.08,GBP,Yes,5.63
2024-12-27,A,9.66,1.04,1.0,28.54,1.41,4.88,0.05,USD,Yes,7.62
2024-12-28,B,7.9,4.34,0.77,17.86,1.38,6.31,0.15,USD,Yes,2.79
2024-12-29,C,8.13,4.38,0.65,16.77,1.24,4.23,0.11,USD,Yes,3.1
2024-12-30,B,5.26,1.26,0.41,17.22,1.4,6.84,0.06,JPY,Yes,3.59
2024-01-01,D,9.64,3.09,0.37,16.54,1.25,6.38,0.16,GBP,Yes,6.18
2024-01-02,B,2.4,1.29,0.46,20.91,1.12,4.84,0.17,JPY,Yes,0.65
2024-01-03,D,9.43,2.62,0.92,21.43,1.24,4.68,0.15,USD,Yes,5.89
2024-01-04,D,9.83,3.41,0.42,27.96,1.06,6.67,0.13,GBP,Yes,6.0
2024-01-05,D,5.59,3.34,0.66,16.44,1.34,4.73,0.16,GBP,Yes,1.59
2024-01-06,C,8.58,4.22,0.6,25.4,1.07,6.33,0.09,USD,Yes,3.76
2024-01-07,B,5.97,2.14,0.22,27.59,1.03,6.25,0.1,GBP,Yes,3.61
2024-01-08,D,2.0,3.04,0.14,20.52,1.35,4.19,0.18,JPY,No,0.0
2024-01-09,C,2.03,1.99,0.77,21.33,1.05,5.08,0.09,JPY,No,0.0
2024-01-10,A,8.74,2.25,0.81,32.84,1.22,6.73,0.11,JPY,Yes,5.68
2024-01-11,A,9.71,1.36,0.72,24.88,1.19,5.9,0.16,GBP,Yes,7.63
2024-01-12,C,2.03,1.67,0.74,28.33,1.48,6.28,0.19,GBP,No,0.0
2024-01-13,A,7.62,2.19,0.19,30.64,1.32,4.14,0.1,JPY,Yes,5.24
2024-01-14,A,9.65,3.0,0.49,24.15,1.1,5.11,0.11,JPY,Yes,6.16
2024-01-15,D,2.42,4.07,0.47,31.44,1.43,4.64,0.15,USD,No,0.0
2024-01-16,B,5.78,4.52,0.29,28.56,1.3,4.89,0.07,GBP,Yes,0.97
2024-01-17,D,7.21,3.95,0.38,27.9,1.2,6.14,0.08,JPY,Yes,2.88
2024-01-18,A,9.12,2.15,0.43,16.16,1.06,5.55,0.09,EUR,Yes,6.54
2024-01-19,C,8.68,1.06,0.44,21.75,1.01,4.37,0.11,EUR,Yes,7.18
2024-01-20,C,5.94,2.62,0.58,26.9,1.0,5.39,0.19,JPY,Yes,2.74
2024-01-21,D,6.15,3.71,0.38,30.48,1.39,5.56,0.2,USD,Yes,2.06
2024-01-22,A,3.0,1.07,0.79,31.14,1.06,4.8,0.05,EUR,Yes,1.14
2024-01-23,B,4.35,4.09,0.57,21.96,1.19,4.0,0.09,GBP,No,0.0
2024-01-24,A,7.17,4.9,0.86,15.47,1.45,6.35,0.17,JPY,Yes,1.41
2024-01-25,A,5.66,2.59,0.37,16.31,1.11,4.74,0.12,EUR,Yes,2.7
2024-01-26,A,7.98,2.9,0.15,34.16,1.47,6.36,0.2,JPY,Yes,4.93
2024-01-27,A,6.36,4.85,0.17,22.31,1.11,4.59,0.07,EUR,Yes,1.34
2024-01-28,D,6.98,4.13,0.62,17.94,1.41,5.91,0.11,GBP,Yes,2.23
2024-01-29,C,7.39,2.04,0.41,33.35,1.15,5.41,0.18,JPY,Yes,4.94
2024-01-30,D,7.66,1.25,0.23,15.16,1.32,5.34,0.07,JPY,Yes,6.18
2024-01-31,B,9.66,3.12,0.32,25.01,1.34,4.23,0.09,JPY,Yes,6.22
2024-02-01,B,8.46,2.84,0.59,23.66,1.02,4.5,0.12,JPY,Yes,5.03
2024-02-02,B,3.67,1.2,0.86,34.62,1.4,6.56,0.09,EUR,Yes,1.61
2024-02-03,A,9.69,1.79,0.96,34.9,1.36,6.94,0.14,GBP,Yes,6.94
2024-02-04,D,4.08,2.75,0.63,16.46,1.31,6.94,0.08,GBP,Yes,0.7
2024-02-05,C,8.34,4.63,0.95,34.2,1.26,6.93,0.16,USD,Yes,2.76
2024-02-06,C,3.29,2.91,0.75,19.95,1.32,6.0,0.07,GBP,No,0.0
2024-02-07,D,6.52,4.09,0.55,15.24,1.0,5.07,0.19,EUR,Yes,1.88
2024-02-08,D,3.83,3.54,0.3,21.43,1.42,6.19,0.06,JPY,No,0.0
2024-02-09,C,5.43,1.12,0.53,28.25,1.06,4.87,0.11,GBP,Yes,3.78
2024-02-10,D,9.36,4.97,0.14,30.22,1.19,5.18,0.16,JPY,Yes,4.25
2024-02-11,C,9.35,4.8,0.62,22.14,1.39,4.75,0.13,EUR,Yes,3.93
2024-02-12,B,4.87,3.63,0.32,18.83,1.46,4.31,0.13,JPY,Yes,0.92
2024-02-13,B,3.77,1.16,0.13,18.5,1.43,4.85,0.19,JPY,Yes,2.48
2024-02-14,A,6.65,2.75,0.62,25.33,1.38,4.85,0.1,GBP,Yes,3.28
2024-02-15,D,9.15,4.79,0.9,23.39,1.39,5.43,0.12,JPY,Yes,3.46
2024-02-16,D,3.64,3.36,0.27,21.63,1.43,4.62,0.06,EUR,No,0.0
2024-02-17,D,2.55,4.76,0.56,23.19,1.41,6.51,0.1,USD,No,0.0
2024-02-18,B,7.55,4.08,0.69,18.03,1.44,5.62,0.09,GBP,Yes,2.78
2024-02-19,A,5.4,1.15,0.22,30.31,1.0,5.25,0.13,JPY,Yes,4.03
2024-02-20,A,2.44,4.89,0.3,21.08,1.15,4.69,0.05,JPY,No,0.0
2024-02-21,A,7.83,4.87,0.3,28.26,1.37,6.55,0.11,EUR,Yes,2.66
2024-02-22,D,4.42,2.3,0.74,31.34,1.09,5.11,0.19,EUR,Yes,1.38
2024-02-23,A,8.45,4.94,0.78,22.86,1.3,5.98,0.06,JPY,Yes,2.73
2024-02-24,C,6.36,3.84,0.25,30.61,1.29,6.86,0.06,GBP,Yes,2.27
2024-02-25,D,4.12,3.41,0.37,29.29,1.38,4.31,0.13,USD,Yes,0.34
2024-02-26,C,6.07,2.48,0.94,31.55,1.35,6.14,0.12,JPY,Yes,2.65
2024-02-27,C,9.37,3.78,0.76,32.23,1.14,6.42,0.08,JPY,Yes,4.83
2024-02-28,A,4.76,2.34,0.98,32.13,1.35,6.18,0.13,USD,Yes,1.44
2024-02-29,B,9.58,2.99,0.44,18.26,1.39,6.2,0.11,GBP,Yes,6.15
2024-03-01,B,2.2,4.36,0.11,29.07,1.49,5.31,0.09,USD,No,0.0
2024-03-02,D,7.64,4.27,0.59,34.34,1.03,5.51,0.16,USD,Yes,2.78
2024-03-03,A,8.9,1.72,0.82,26.05,1.2,4.4,0.18,JPY,Yes,6.36
2024-03-04,B,3.26,2.24,0.36,32.43,1.34,6.39,0.09,GBP,Yes,0.66
2024-03-05,A,7.0,3.29,0.85,33.12,1.01,6.02,0.06,USD,Yes,2.86
2024-03-06,C,6.39,2.15,0.38,22.06,1.31,5.0,0.16,USD,Yes,3.86
2024-03-07,C,5.24,1.27,0.81,20.72,1.22,6.06,0.1,GBP,Yes,3.16
2024-03-08,C,2.45,2.5,0.95,27.83,1.34,5.9,0.08,JPY,No,0.0
2024-03-09,B,5.35,4.0,0.19,20.56,1.14,5.3,0.2,EUR,Yes,1.16
2024-03-10,D,2.54,3.07,0.26,34.41,1.06,5.21,0.16,EUR,No,0.0
2024-03-11,B,7.64,2.69,0.41,22.95,1.13,4.62,0.12,EUR,Yes,4.54
2024-03-12,A,4.15,2.15,0.69,34.37,1.3,4.23,0.06,JPY,Yes,1.31
2024-03-13,B,9.61,2.19,0.18,26.98,1.31,5.95,0.09,JPY,Yes,7.24
2024-03-14,B,2.12,4.86,0.33,28.52,1.35,5.83,0.1,EUR,No,0.0
2024-03-15,D,4.17,3.39,0.88,33.93,1.05,4.46,0.19,GBP,No,0.0
2024-03-16,D,7.89,4.53,0.28,26.75,1.35,6.04,0.11,GBP,Yes,3.08
2024-03-17,A,2.12,3.33,0.33,24.01,1.48,5.2,0.18,JPY,No,0.0
2024-03-18,C,3.51,3.69,0.98,17.04,1.0,5.3,0.06,EUR,No,0.0
2024-03-19,A,7.99,4.66,0.49,20.17,1.22,6.17,0.05,JPY,Yes,2.84
2024-03-20,C,6.72,3.45,0.67,19.84,1.36,4.27,0.08,GBP,Yes,2.6
2024-03-21,D,9.02,3.95,0.11,19.97,1.11,4.81,0.09,GBP,Yes,4.96
2024-03-22,D,2.5,2.84,0.76,27.13,1.34,4.24,0.19,GBP,No,0.0
2024-03-23,B,8.71,4.22,0.84,33.65,1.27,4.6,0.14,JPY,Yes,3.65
2024-03-24,D,7.94,3.95,0.57,16.37,1.19,6.76,0.14,USD,Yes,3.42
2024-03-25,B,6.31,2.08,0.43,32.91,1.33,6.36,0.12,JPY,Yes,3.8
2024-03-26,C,7.04,1.99,0.73,23.55,1.22,5.95,0.19,GBP,Yes,4.32
2024-03-27,C,2.51,4.3,0.36,23.88,1.01,4.9,0.13,USD,No,0.0
2024-03-28,D,2.45,2.96,0.93,17.11,1.38,5.23,0.15,GBP,No,0.0
2024-03-29,A,4.08,1.64,0.24,16.41,1.09,5.99,0.18,USD,Yes,2.2
2024-03-30,D,8.51,3.74,0.2,20.78,1.15,4.75,0.13,GBP,Yes,4.57
2024-03-31,B,6.28,2.43,0.42,31.57,1.39,4.92,0.19,GBP,Yes,3.43
2024-04-01,B,9.62,2.31,0.42,25.11,1.47,6.63,0.07,EUR,Yes,6.89
2024-04-02,C,5.14,3.21,0.55,18.88,1.43,6.03,0.18,EUR,Yes,1.38
2024-04-03,A,8.87,3.99,0.5,27.21,1.08,6.02,0.08,USD,Yes,4.38
2024-04-04,C,7.55,1.92,0.21,18.31,1.0,6.16,0.16,JPY,Yes,5.42
2024-04-05,A,6.12,1.65,0.18,15.38,1.08,6.67,0.09,GBP,Yes,4.29
2024-04-06,B,4.83,1.42,0.3,25.38,1.3,4.74,0.06,USD,Yes,3.11
2024-04-07,C,5.13,1.94,0.3,34.2,1.31,5.67,0.11,GBP,Yes,2.89
2024-04-08,D,5.43,3.16,0.73,29.04,1.09,5.5,0.11,EUR,Yes,1.54
2024-04-09,B,8.96,3.53,0.58,17.31,1.3,4.35,0.1,EUR,Yes,4.85
2024-04-10,C,3.14,3.77,0.29,22.84,1.45,4.61,0.13,GBP,No,0.0
2024-04-11,B,5.35,1.07,0.81,16.38,1.24,5.68,0.14,GBP,Yes,3.47
2024-04-12,D,7.51,2.01,0.11,29.47,1.27,6.51,0.17,GBP,Yes,5.39
2024-04-13,C,8.75,2.94,0.4,30.83,1.23,4.55,0.18,USD,Yes,5.41
2024-04-14,D,9.06,2.87,0.17,22.76,1.4,6.71,0.08,USD,Yes,6.02
2024-04-15,B,2.54,4.51,0.45,25.84,1.48,4.2,0.15,EUR,No,0.0
2024-04-16,D,2.59,2.5,0.82,23.67,1.5,5.68,0.1,GBP,No,0.0
2024-04-17,A,3.76,2.4,0.44,16.37,1.18,5.39,0.16,JPY,Yes,0.92
2024-04-18,A,7.25,3.84,0.11,19.35,1.33,5.45,0.05,GBP,Yes,3.3
2024-04-19,A,8.44,4.09,0.59,16.33,1.38,5.75,0.17,JPY,Yes,3.76
2024-04-20,C,8.01,4.21,0.57,17.81,1.34,5.86,0.16,GBP,Yes,3.23
2024-04-21,D,3.36,1.78,0.9,30.0,1.45,6.28,0.14,GBP,Yes,0.68
2024-04-22,A,7.23,4.56,0.62,27.65,1.08,5.42,0.16,EUR,Yes,2.05
2024-04-23,D,4.17,1.81,0.38,19.83,1.11,5.27,0.19,USD,Yes,1.98
2024-04-24,C,6.06,1.75,0.17,28.92,1.19,6.47,0.15,EUR,Yes,4.14
2024-04-25,A,8.37,2.09,0.72,20.28,1.47,5.91,0.1,JPY,Yes,5.56
2024-04-26,C,4.16,1.76,0.73,19.37,1.3,4.79,0.15,JPY,Yes,1.67
2024-04-27,A,8.52,4.11,0.78,18.75,1.04,6.1,0.11,EUR,Yes,3.63
2024-04-28,A,5.46,1.12,0.33,15.67,1.44,4.73,0.13,USD,Yes,4.01
2024-04-29,C,2.31,3.67,0.39,32.96,1.44,4.98,0.19,JPY,No,0.0
2024-04-30,A,9.97,4.3,0.86,19.98,1.29,4.2,0.06,USD,Yes,4.81
2024-05-01,B,9.99,2.31,0.77,31.13,1.43,6.99,0.09,EUR,Yes,6.91
2024-05-02,D,2.32,2.64,0.22,15.45,1.18,6.35,0.13,JPY,No,0.0
2024-05-03,C,4.5,3.62,0.31,15.29,1.38,5.87,0.16,JPY,Yes,0.57
2024-05-04,B,2.31,4.35,0.66,26.27,1.31,6.59,0.14,JPY,No,0.0
2024-05-05,A,6.65,4.96,0.78,23.85,1.35,5.17,0.08,JPY,Yes,0.91
2024-05-06,D,6.77,4.71,0.94,21.84,1.26,4.63,0.2,GBP,Yes,1.12
2024-05-07,A,9.85,3.6,0.82,29.3,1.3,4.16,0.12,GBP,Yes,5.43
2024-05-08,B,7.4,3.71,0.44,33.83,1.08,5.5,0.15,JPY,Yes,3.25
2024-05-09,D,7.58,3.59,0.35,18.12,1.32,5.8,0.08,EUR,Yes,3.64
2024-05-10,C,7.64,2.82,0.7,31.75,1.08,4.06,0.17,USD,Yes,4.12
2024-05-11,C,6.88,3.8,0.85,31.06,1.48,5.61,0.12,GBP,Yes,2.23
2024-05-12,A,5.22,1.61,0.62,20.54,1.46,5.75,0.14,JPY,Yes,2.99
2024-05-13,C,4.84,1.21,0.13,23.47,1.04,5.82,0.18,EUR,Yes,3.5
2024-05-14,A,9.06,3.64,0.29,32.26,1.44,4.59,0.16,JPY,Yes,5.13
2024-05-15,A,4.29,4.21,1.0,15.6,1.45,5.87,0.2,EUR,No,0.0
2024-05-16,A,5.72,4.39,0.16,21.71,1.03,6.93,0.17,USD,Yes,1.17
2024-05-17,C,8.82,4.75,0.18,22.71,1.04,4.63,0.08,EUR,Yes,3.89
2024-05-18,B,5.75,2.07,0.19,18.35,1.07,6.92,0.16,EUR,Yes,3.49
2024-05-19,A,9.74,2.76,0.35,30.97,1.16,4.9,0.08,EUR,Yes,6.63
2024-05-20,B,3.04,2.03,0.42,28.48,1.03,4.63,0.17,EUR,Yes,0.59
2024-05-21,C,3.18,2.37,0.88,18.1,1.04,5.45,0.1,EUR,No,0.0
2024-05-22,A,6.51,4.22,0.22,26.61,1.25,4.43,0.14,GBP,Yes,2.07
2024-05-23,B,4.19,2.95,0.17,24.19,1.15,6.47,0.06,EUR,Yes,1.07
2024-05-24,C,5.35,2.83,0.75,26.49,1.33,6.33,0.18,EUR,Yes,1.77
2024-05-25,A,4.51,3.15,0.86,34.79,1.44,5.11,0.08,USD,Yes,0.5
2024-05-26,B,5.92,3.97,0.54,24.66,1.42,5.08,0.18,USD,Yes,1.41
2024-05-27,C,5.25,2.31,0.51,30.25,1.06,4.59,0.19,EUR,Yes,2.43
2024-05-28,C,3.4,3.27,0.62,24.79,1.32,4.69,0.13,USD,No,0.0
2024-05-29,B,4.98,3.65,0.23,26.42,1.09,4.84,0.08,GBP,Yes,1.1
2024-05-30,A,3.46,4.3,0.36,33.54,1.48,5.71,0.07,EUR,No,0.0
2024-05-31,D,5.0,4.19,0.43,16.74,1.28,6.54,0.17,USD,Yes,0.38
2024-06-01,A,3.4,3.69,0.3,19.36,1.44,4.75,0.09,JPY,No,0.0
2024-06-02,D,2.01,4.48,0.81,27.55,1.38,4.46,0.12,GBP,No,0.0
2024-06-03,A,4.81,1.38,0.54,33.41,1.02,4.87,0.08,JPY,Yes,2.89
2024-06-04,B,3.91,4.63,0.52,24.33,1.38,4.46,0.12,USD,No,0.0
2024-06-05,C,5.44,3.39,1.0,30.39,1.2,6.48,0.08,JPY,Yes,1.05
2024-06-06,A,2.24,1.82,0.41,25.21,1.31,6.73,0.13,USD,No,0.0
2024-06-07,D,6.01,1.2,0.13,26.02,1.22,6.52,0.07,JPY,Yes,4.68
2024-06-08,D,2.2,2.8,0.31,15.99,1.36,4.33,0.14,USD,No,0.0
2024-06-09,D,4.25,1.69,0.44,31.03,1.2,6.25,0.07,JPY,Yes,2.12
2024-06-10,A,8.18,1.95,0.71,26.32,1.46,5.16,0.06,USD,Yes,5.52
2024-06-11,C,2.15,4.31,0.57,30.5,1.12,5.04,0.05,EUR,No,0.0
2024-06-12,A,9.69,3.67,0.94,20.31,1.31,6.04,0.1,EUR,Yes,5.08
2024-06-13,C,8.78,4.79,0.9,29.78,1.14,4.84,0.19,GBP,Yes,3.09
2024-06-14,D,2.08,3.86,0.74,27.45,1.5,4.94,0.1,GBP,No,0.0
2024-06-15,D,2.63,2.77,0.33,21.87,1.42,6.81,0.08,JPY,No,0.0
2024-06-16,A,4.98,4.71,0.16,16.85,1.08,5.79,0.07,USD,Yes,0.11
2024-06-17,B,9.74,2.79,0.55,19.93,1.24,5.99,0.16,JPY,Yes,6.4
2024-06-18,D,8.03,3.31,0.91,31.35,1.38,4.17,0.05,EUR,Yes,3.81
2024-06-19,D,3.7,3.65,0.47,23.05,1.44,6.69,0.19,GBP,No,0.0
2024-06-20,D,4.51,3.76,0.34,18.81,1.09,5.03,0.11,JPY,Yes,0.41
2024-06-21,D,8.65,1.48,0.76,25.63,1.14,5.48,0.09,USD,Yes,6.41
2024-06-22,C,6.77,2.74,0.25,17.33,1.27,6.71,0.1,JPY,Yes,3.78
2024-06-23,C,7.86,3.63,0.94,31.42,1.28,5.97,0.18,GBP,Yes,3.29
2024-06-24,C,5.2,2.31,0.11,31.53,1.4,4.31,0.14,EUR,Yes,2.78
2024-06-25,D,5.71,1.47,0.98,19.29,1.03,5.78,0.16,USD,Yes,3.26
2024-06-26,A,2.26,3.63,0.58,17.07,1.09,5.7,0.09,USD,No,0.0
2024-06-27,A,9.51,4.27,0.99,20.19,1.48,5.29,0.1,JPY,Yes,4.25
2024-06-28,A,2.4,1.21,0.72,24.16,1.11,5.84,0.09,GBP,Yes,0.47
2024-06-29,B,6.62,2.44,0.84,31.41,1.24,5.05,0.1,USD,Yes,3.34
2024-06-30,C,8.45,2.31,0.29,16.69,1.23,5.45,0.18,USD,Yes,5.85
2024-07-01,D,3.77,2.52,0.83,31.47,1.19,5.38,0.1,GBP,Yes,0.42
2024-07-02,D,9.46,1.47,0.94,28.68,1.27,4.1,0.12,USD,Yes,7.05
2024-07-03,C,5.26,1.64,0.69,34.42,1.28,6.14,0.06,GBP,Yes,2.93
2024-07-04,C,5.34,1.47,0.65,33.77,1.33,4.23,0.1,USD,Yes,3.22
2024-07-05,B,6.41,2.61,0.85,31.29,1.31,5.12,0.09,EUR,Yes,2.95
2024-07-06,D,2.85,2.42,0.47,28.52,1.33,4.21,0.11,EUR,No,0.0
2024-07-07,A,3.45,1.63,0.84,15.84,1.21,4.5,0.18,GBP,Yes,0.98
2024-07-08,C,6.46,1.93,0.55,29.63,1.48,4.66,0.18,USD,Yes,3.98
2024-07-09,C,9.47,4.67,0.67,27.6,1.2,6.26,0.13,EUR,Yes,4.13
2024-07-10,D,7.42,2.71,0.76,31.49,1.07,6.5,0.13,USD,Yes,3.95
2024-07-11,C,8.76,2.73,0.44,33.3,1.13,6.53,0.12,USD,Yes,5.59
2024-07-12,B,6.11,2.23,0.62,21.5,1.02,4.82,0.05,GBP,Yes,3.26
2024-07-13,C,9.83,4.86,0.46,29.57,1.17,6.01,0.17,GBP,Yes,4.51
2024-07-14,C,9.57,2.6,0.8,20.32,1.5,4.08,0.14,USD,Yes,6.17
2024-07-15,B,7.28,3.75,0.21,33.77,1.09,5.87,0.08,EUR,Yes,3.32
2024-07-16,D,4.46,3.19,0.48,18.2,1.09,5.25,0.16,USD,Yes,0.79
2024-07-17,B,9.18,1.34,0.45,17.0,1.01,5.99,0.14,USD,Yes,7.39
2024-07-18,A,3.3,1.94,0.12,31.7,1.49,4.41,0.08,EUR,Yes,1.24
2024-07-19,D,8.95,4.71,0.48,16.01,1.02,5.72,0.11,JPY,Yes,3.76
2024-07-20,D,2.23,3.33,0.11,30.75,1.15,4.12,0.14,GBP,No,0.0
2024-07-21,B,5.18,4.9,0.59,20.5,1.35,4.81,0.19,GBP,No,0.0
2024-07-22,C,5.0,3.2,0.15,23.52,1.42,6.42,0.08,GBP,Yes,1.65
2024-07-23,A,3.81,4.27,0.94,16.91,1.23,5.01,0.18,USD,No,0.0
2024-07-24,B,2.67,1.84,0.78,16.03,1.25,5.33,0.1,EUR,No,0.0
2024-07-25,A,5.16,3.12,0.25,26.44,1.4,6.28,0.07,USD,Yes,1.79
2024-07-26,C,3.19,2.07,0.42,23.17,1.34,4.17,0.06,JPY,Yes,0.7
2024-07-27,D,5.14,3.79,0.27,27.83,1.13,6.66,0.18,JPY,Yes,1.08
2024-07-28,D,4.38,1.92,0.47,19.81,1.34,6.48,0.15,JPY,Yes,1.99
2024-07-29,C,8.59,2.59,0.24,29.76,1.18,6.01,0.09,EUR,Yes,5.76
2024-07-30,A,2.65,4.97,0.24,34.77,1.49,6.38,0.15,GBP,No,0.0
2024-07-31,D,6.62,4.46,0.36,24.35,1.31,5.23,0.11,USD,Yes,1.8
2024-08-01,C,4.64,3.26,0.87,19.03,1.47,6.07,0.17,JPY,Yes,0.51
2024-08-02,C,6.45,4.12,0.11,31.37,1.02,6.67,0.2,USD,Yes,2.22
2024-08-03,B,4.35,1.84,0.79,20.06,1.43,4.31,0.07,JPY,Yes,1.72
2024-08-04,A,9.83,3.7,0.86,21.49,1.34,5.78,0.14,USD,Yes,5.27
2024-08-05,B,7.46,3.3,0.49,20.52,1.38,4.68,0.15,GBP,Yes,3.67
2024-08-06,B,3.87,3.5,0.77,19.37,1.03,4.39,0.14,EUR,No,0.0
2024-08-07,C,8.8,1.18,0.76,21.83,1.24,6.79,0.1,GBP,Yes,6.86
2024-08-08,C,5.72,1.05,0.17,20.17,1.01,5.89,0.11,USD,Yes,4.5
2024-08-09,A,6.39,1.7,0.37,28.28,1.48,4.15,0.18,JPY,Yes,4.32
2024-08-10,D,6.62,3.26,0.55,16.39,1.04,5.8,0.1,EUR,Yes,2.81
2024-08-11,B,9.34,2.63,0.23,29.29,1.15,5.58,0.15,JPY,Yes,6.48
2024-08-12,B,9.2,4.17,0.71,28.59,1.47,4.89,0.05,GBP,Yes,4.32
2024-08-13,A,4.18,1.87,0.7,27.67,1.3,4.05,0.16,JPY,Yes,1.61
2024-08-14,A,4.59,3.66,0.6,21.85,1.07,4.28,0.17,JPY,Yes,0.33
2024-08-15,A,9.35,3.6,0.19,23.04,1.36,6.34,0.07,JPY,Yes,5.56
2024-08-16,A,2.0,3.85,0.42,20.09,1.01,5.62,0.18,GBP,No,0.0
2024-08-17,D,9.66,3.26,0.56,16.7,1.27,5.14,0.14,JPY,Yes,5.84
2024-08-18,D,5.11,1.96,0.19,21.3,1.05,4.53,0.2,GBP,Yes,2.96
2024-08-19,A,5.55,3.13,0.89,34.91,1.29,6.44,0.1,JPY,Yes,1.53
2024-08-20,A,4.45,2.61,0.71,28.64,1.16,4.4,0.14,GBP,Yes,1.13
2024-08-21,B,3.03,3.31,0.72,29.01,1.38,6.62,0.12,JPY,No,0.0
2024-08-22,C,7.84,3.48,0.27,15.51,1.14,5.33,0.14,USD,Yes,4.09
2024-08-23,D,8.8,1.78,0.21,34.27,1.05,5.44,0.14,USD,Yes,6.81
2024-08-24,B,6.33,1.34,0.15,17.11,1.29,5.63,0.09,JPY,Yes,4.84
2024-08-25,D,7.1,4.28,0.14,24.96,1.34,4.76,0.1,USD,Yes,2.68
2024-08-26,D,6.91,4.59,0.83,26.66,1.37,5.09,0.15,GBP,Yes,1.49
2024-08-27,C,5.73,1.76,0.73,26.13,1.18,6.73,0.05,EUR,Yes,3.24
2024-08-28,C,4.53,1.23,0.79,29.04,1.17,6.03,0.11,EUR,Yes,2.51
2024-08-29,A,8.05,2.82,0.47,33.69,1.13,4.36,0.14,USD,Yes,4.76
2024-08-30,B,9.75,2.51,0.16,21.79,1.25,4.49,0.15,GBP,Yes,7.08
2024-08-31,C,9.98,2.81,0.42,23.01,1.06,6.65,0.11,EUR,Yes,6.75
2024-09-01,B,5.1,3.64,0.5,27.96,1.03,6.44,0.19,USD,Yes,0.96
2024-09-02,B,7.19,4.82,0.24,24.55,1.3,5.75,0.11,GBP,Yes,2.13
2024-09-03,B,4.7,1.51,0.45,18.25,1.37,4.63,0.06,EUR,Yes,2.74
2024-09-04,B,6.42,3.38,0.88,26.54,1.17,6.41,0.13,USD,Yes,2.16
2024-09-05,B,2.63,3.26,0.92,22.93,1.15,4.43,0.07,JPY,No,0.0
2024-09-06,D,5.46,3.38,0.17,33.79,1.38,5.76,0.17,JPY,Yes,1.91
2024-09-07,C,2.64,2.91,0.67,31.57,1.39,4.83,0.19,GBP,No,0.0
2024-09-08,B,2.99,4.5,0.97,18.54,1.36,4.12,0.11,JPY,No,0.0
2024-09-09,A,6.13,3.32,0.94,28.45,1.24,6.43,0.19,JPY,Yes,1.87
2024-09-10,D,2.18,4.93,0.18,31.29,1.14,4.4,0.12,GBP,No,0.0
2024-09-11,C,7.15,2.52,0.15,26.99,1.45,5.15,0.08,USD,Yes,4.48
2024-09-12,C,5.54,1.19,0.84,31.53,1.29,5.06,0.17,USD,Yes,3.51
2024-09-13,C,6.44,4.3,0.67,30.69,1.3,5.24,0.19,JPY,Yes,1.47
2024-09-14,D,6.33,3.42,0.3,27.51,1.29,4.55,0.06,USD,Yes,2.61
2024-09-15,A,6.83,4.05,0.57,19.54,1.33,4.24,0.12,GBP,Yes,2.21
2024-09-16,C,3.31,1.74,0.28,22.73,1.03,5.19,0.13,USD,Yes,1.29
2024-09-17,A,5.87,2.53,0.86,17.91,1.25,4.19,0.06,JPY,Yes,2.48
2024-09-18,D,6.59,3.26,0.89,26.16,1.48,4.15,0.06,USD,Yes,2.44
2024-09-19,D,2.35,1.74,0.59,27.91,1.02,6.84,0.18,EUR,No,0.0
2024-09-20,C,4.37,1.31,0.25,17.54,1.06,5.56,0.09,JPY,Yes,2.81
2024-09-21,B,4.87,4.96,0.72,33.98,1.07,5.15,0.13,USD,No,0.0
2024-09-22,D,2.61,1.02,0.7,27.84,1.21,5.47,0.11,USD,Yes,0.89
2024-09-23,C,2.19,2.34,0.26,16.97,1.48,5.8,0.16,USD,No,0.0
2024-09-24,B,4.52,2.57,0.31,16.94,1.09,6.39,0.15,USD,Yes,1.64
2024-09-25,B,6.38,2.9,0.93,16.45,1.14,5.05,0.17,JPY,Yes,2.55
2024-09-26,D,9.94,1.96,0.89,31.61,1.11,5.2,0.11,EUR,Yes,7.09
2024-09-27,C,9.83,1.72,0.82,21.68,1.37,5.26,0.14,GBP,Yes,7.29
2024-09-28,C,8.66,4.22,0.88,16.19,1.35,4.42,0.11,JPY,Yes,3.56
2024-09-29,D,6.39,2.61,0.57,34.93,1.07,6.03,0.11,GBP,Yes,3.21
2024-09-30,A,3.06,1.63,0.95,32.59,1.45,6.97,0.08,GBP,Yes,0.48
2024-10-01,A,4.84,3.68,0.54,23.37,1.18,5.78,0.14,GBP,Yes,0.62
2024-10-02,A,3.29,2.89,0.6,26.41,1.11,6.23,0.05,JPY,No,0.0
2024-10-03,C,4.84,4.12,0.61,20.22,1.35,5.7,0.17,GBP,No,0.0
2024-10-04,B,7.88,3.44,0.54,17.66,1.13,5.26,0.14,GBP,Yes,3.9
2024-10-05,A,6.11,2.15,0.11,24.92,1.14,6.2,0.05,EUR,Yes,3.85
2024-10-06,C,6.68,4.77,0.26,24.43,1.05,5.88,0.13,GBP,Yes,1.65
2024-10-07,D,5.26,3.09,0.91,18.93,1.01,6.58,0.14,EUR,Yes,1.26
2024-10-08,A,9.13,3.39,0.83,23.59,1.37,6.74,0.14,GBP,Yes,4.91
2024-10-09,D,3.45,2.08,0.28,19.94,1.15,5.67,0.14,GBP,Yes,1.09
2024-10-10,B,5.41,3.46,0.17,16.76,1.09,5.55,0.08,USD,Yes,1.78
2024-10-11,D,4.27,2.6,0.83,15.28,1.32,6.01,0.17,GBP,Yes,0.84
2024-10-12,A,9.46,1.08,0.24,32.72,1.23,5.69,0.15,GBP,Yes,8.14
2024-10-13,C,7.43,4.73,1.0,29.4,1.14,6.64,0.06,EUR,Yes,1.7
2024-10-14,B,3.85,4.59,0.33,19.41,1.07,6.58,0.13,GBP,No,0.0
2024-10-15,D,7.4,1.96,0.78,30.2,1.16,5.23,0.08,EUR,Yes,4.66
2024-10-16,B,9.81,3.58,0.94,21.07,1.39,6.3,0.15,EUR,Yes,5.29
2024-10-17,B,9.73,2.57,0.22,28.43,1.36,5.73,0.08,USD,Yes,6.94
2024-10-18,C,6.04,2.25,0.48,27.9,1.37,4.7,0.11,USD,Yes,3.31
2024-10-19,A,4.15,1.79,0.81,33.19,1.19,6.25,0.18,GBP,Yes,1.55
2024-10-20,B,8.77,1.73,0.96,22.53,1.17,4.19,0.12,JPY,Yes,6.08
2024-10-21,B,2.87,1.99,0.39,31.18,1.44,4.91,0.18,EUR,Yes,0.49
2024-10-22,B,8.86,4.06,0.23,28.81,1.47,6.05,0.1,EUR,Yes,4.57
2024-10-23,D,6.0,3.58,0.56,17.4,1.16,6.41,0.18,USD,Yes,1.86
2024-10-24,D,3.1,4.81,0.4,28.25,1.38,6.44,0.19,GBP,No,0.0
2024-10-25,B,4.5,4.43,0.22,29.1,1.37,6.03,0.09,JPY,No,0.0
2024-10-26,C,8.98,1.68,0.15,29.35,1.24,6.55,0.11,JPY,Yes,7.15
2024-10-27,B,3.35,4.35,0.59,18.78,1.36,5.53,0.14,EUR,No,0.0
2024-10-28,C,5.69,4.31,0.85,29.19,1.05,6.52,0.15,JPY,Yes,0.53
2024-10-29,B,7.58,2.45,0.89,29.51,1.06,5.22,0.18,GBP,Yes,4.24
2024-10-30,D,2.38,4.85,0.71,27.63,1.14,4.75,0.19,JPY,No,0.0
2024-10-31,C,4.39,4.1,0.45,17.79,1.01,5.63,0.2,JPY,No,0.0
2024-11-01,D,4.95,2.43,0.41,25.41,1.22,6.64,0.13,EUR,Yes,2.11
2024-11-02,B,6.06,1.55,0.98,20.0,1.04,5.99,0.14,EUR,Yes,3.53
2024-11-03,C,5.32,2.69,0.81,18.91,1.41,5.95,0.11,USD,Yes,1.82
2024-11-04,D,5.66,2.03,0.78,25.26,1.16,5.79,0.2,GBP,Yes,2.85
2024-11-05,A,5.48,4.68,0.41,16.09,1.1,5.26,0.08,USD,Yes,0.39
2024-11-06,C,2.0,4.66,0.86,29.85,1.08,4.36,0.06,USD,No,0.0
2024-11-07,B,7.79,4.72,0.49,17.38,1.26,5.05,0.11,GBP,Yes,2.58
2024-11-08,D,6.97,3.87,0.2,15.71,1.5,4.7,0.06,EUR,Yes,2.9
2024-11-09,D,3.52,1.16,0.45,31.05,1.17,5.33,0.15,USD,Yes,1.91
2024-11-10,B,6.07,4.45,0.88,15.2,1.39,5.38,0.2,JPY,Yes,0.74
2024-11-11,C,5.87,4.95,0.78,19.97,1.27,6.98,0.18,USD,No,0.0
2024-11-12,D,2.78,3.83,0.41,15.14,1.2,4.7,0.17,USD,No,0.0
2024-11-13,D,4.7,4.31,0.1,21.16,1.12,4.7,0.06,GBP,Yes,0.29
2024-11-14,B,3.5,3.22,0.36,23.35,1.19,6.63,0.19,JPY,No,0.0
2024-11-15,A,5.94,2.32,0.2,34.07,1.03,4.89,0.09,GBP,Yes,3.42
2024-11-16,B,4.56,1.66,0.8,17.45,1.32,4.37,0.06,USD,Yes,2.1
2024-11-17,C,9.28,1.76,0.84,25.89,1.04,6.87,0.09,USD,Yes,6.68
2024-11-18,C,8.88,1.68,0.87,15.26,1.26,6.31,0.19,EUR,Yes,6.33
2024-11-19,B,9.27,4.28,0.9,18.98,1.14,4.87,0.11,USD,Yes,4.09
2024-11-20,C,5.15,3.18,0.24,28.82,1.08,4.93,0.13,JPY,Yes,1.73
2024-11-21,B,8.37,3.96,0.68,18.12,1.27,4.26,0.11,JPY,Yes,3.73
2024-11-22,D,5.31,1.16,0.35,34.11,1.48,5.06,0.06,USD,Yes,3.8
2024-11-23,A,3.43,2.57,0.95,17.82,1.38,4.33,0.2,USD,No,0.0
2024-11-24,C,5.05,4.1,0.41,27.55,1.1,4.44,0.19,EUR,Yes,0.54
2024-11-25,B,9.34,4.55,0.66,31.17,1.03,5.0,0.1,JPY,Yes,4.13
2024-11-26,A,7.09,2.42,0.23,26.93,1.41,5.15,0.07,GBP,Yes,4.44
2024-11-27,B,3.57,1.95,0.37,27.86,1.3,6.09,0.1,GBP,Yes,1.25
2024-11-28,A,8.59,1.82,0.52,31.02,1.09,4.33,0.18,USD,Yes,6.25
2024-11-29,B,4.74,3.74,0.12,28.8,1.16,4.17,0.14,JPY,Yes,0.88
2024-11-30,D,3.93,2.55,0.17,17.94,1.15,4.27,0.19,USD,Yes,1.21
2024-12-01,A,2.05,2.94,0.21,21.15,1.46,4.49,0.19,JPY,No,0.0
2024-12-02,A,3.65,3.97,0.59,32.69,1.28,5.6,0.08,EUR,No,0.0
2024-12-03,B,3.33,4.67,0.4,22.44,1.38,5.02,0.19,GBP,No,0.0
2024-12-04,D,7.9,3.39,0.89,15.99,1.13,5.4,0.08,USD,Yes,3.62
2024-12-05,C,7.95,4.68,0.48,21.84,1.48,5.33,0.12,EUR,Yes,2.79
2024-12-06,D,4.81,4.64,0.61,30.24,1.41,5.03,0.12,EUR,No,0.0
2024-12-07,A,8.79,2.45,0.81,33.82,1.31,6.22,0.17,GBP,Yes,5.53
2024-12-08,A,8.76,2.58,0.15,23.04,1.34,5.35,0.16,USD,Yes,6.03
2024-12-09,D,4.86,3.54,0.27,29.99,1.27,4.61,0.09,JPY,Yes,1.05
2024-12-10,A,7.99,2.93,0.29,34.35,1.36,6.87,0.11,JPY,Yes,4.77
2024-12-11,C,5.8,4.59,0.57,29.15,1.13,5.34,0.07,GBP,Yes,0.64
2024-12-12,A,3.65,1.0,0.14,34.55,1.12,5.99,0.18,GBP,Yes,2.51
2024-12-13,A,6.41,1.61,0.76,27.01,1.37,6.31,0.2,GBP,Yes,4.04
2024-12-14,B,6.59,2.37,0.68,16.37,1.45,4.36,0.1,USD,Yes,3.54
2024-12-15,C,8.53,3.39,0.45,24.47,1.43,5.02,0.18,EUR,Yes,4.69
2024-12-16,A,2.71,4.11,0.86,18.64,1.22,4.5,0.16,GBP,No,0.0
2024-12-17,C,6.28,3.54,0.28,19.23,1.02,4.97,0.13,EUR,Yes,2.46
2024-12-18,D,8.86,3.67,0.49,34.06,1.36,6.79,0.13,JPY,Yes,4.7
2024-12-19,B,4.07,1.21,0.75,17.43,1.15,5.6,0.13,EUR,Yes,2.11
2024-12-20,A,6.8,1.67,0.44,27.34,1.48,6.18,0.19,JPY,Yes,4.69
2024-12-21,A,8.1,3.37,0.27,28.33,1.31,5.81,0.12,GBP,Yes,4.46
2024-12-22,B,6.23,2.34,0.57,18.95,1.4,4.56,0.06,USD,Yes,3.32
2024-12-23,B,5.49,3.63,0.49,20.54,1.28,5.04,0.19,USD,Yes,1.37
2024-12-24,C,9.38,3.01,0.4,29.74,1.02,5.42,0.1,GBP,Yes,5.97
2024-12-25,D,9.36,1.05,0.6,29.81,1.24,4.26,0.2,JPY,Yes,7.71
2024-12-26,C,6.14,3.46,0.31,24.67,1.21,4.22,0.07,USD,Yes,2.37
2024-12-27,B,8.7,1.96,0.28,25.1,1.38,4.19,0.14,GBP,Yes,6.46
2024-12-28,C,2.95,1.15,0.15,31.68,1.06,4.14,0.12,USD,Yes,1.65
2024-12-29,C,8.75,2.05,0.48,15.8,1.22,5.73,0.14,GBP,Yes,6.22
2024-12-30,A,4.66,2.26,0.2,22.34,1.05,6.3,0.19,GBP,Yes,2.2
2024-01-01,D,9.76,4.46,0.64,29.02,1.14,5.89,0.12,JPY,Yes,4.66
2024-01-02,D,5.86,4.03,0.35,21.36,1.46,4.17,0.12,JPY,Yes,1.48
2024-01-03,C,9.3,3.44,0.59,19.99,1.17,6.56,0.13,EUR,Yes,5.27
2024-01-04,D,6.12,1.4,0.11,34.27,1.19,5.81,0.06,JPY,Yes,4.61
2024-01-05,C,7.46,4.73,0.62,17.52,1.29,6.3,0.11,GBP,Yes,2.11
2024-01-06,A,9.04,3.59,0.91,27.47,1.07,4.93,0.08,JPY,Yes,4.54
2024-01-07,A,9.27,4.04,0.71,21.02,1.09,6.27,0.12,JPY,Yes,4.52
2024-01-08,B,3.81,3.47,0.14,21.52,1.23,4.44,0.2,GBP,No,0.0
2024-01-09,C,3.67,1.52,0.28,30.38,1.21,5.7,0.05,USD,Yes,1.87
2024-01-10,A,2.28,2.78,0.83,32.7,1.04,5.62,0.19,GBP,No,0.0
2024-01-11,C,5.1,4.32,0.22,33.71,1.38,6.82,0.15,GBP,Yes,0.56
2024-01-12,D,4.91,4.75,0.35,21.64,1.35,6.3,0.19,JPY,No,0.0
2024-01-13,B,3.64,4.19,0.76,16.28,1.19,4.85,0.1,JPY,No,0.0
2024-01-14,C,9.86,3.57,0.75,34.53,1.19,6.41,0.12,JPY,Yes,5.54
2024-01-15,A,8.96,1.72,0.95,19.38,1.16,6.27,0.11,GBP,Yes,6.29
2024-01-16,D,6.87,2.78,0.77,19.57,1.03,4.9,0.12,GBP,Yes,3.32
2024-01-17,A,3.34,2.42,0.46,16.15,1.29,6.65,0.07,USD,Yes,0.46
2024-01-18,D,6.78,3.66,0.48,29.02,1.21,5.51,0.05,GBP,Yes,2.64
2024-01-19,B,7.53,3.65,0.13,22.37,1.49,5.26,0.13,USD,Yes,3.75
2024-01-20,B,9.28,3.87,0.62,30.96,1.43,5.37,0.12,JPY,Yes,4.79
2024-01-21,A,5.09,4.87,0.73,16.66,1.43,5.44,0.06,EUR,No,0.0
2024-01-22,A,6.4,2.67,0.89,19.08,1.41,5.67,0.06,EUR,Yes,2.84
2024-01-23,C,9.77,3.05,0.36,24.39,1.43,4.91,0.08,GBP,Yes,6.36
2024-01-24,D,3.03,2.19,0.8,24.43,1.11,4.5,0.1,USD,No,0.0
2024-01-25,B,9.52,2.37,0.99,24.7,1.09,6.67,0.12,JPY,Yes,6.16
2024-01-26,C,7.68,4.93,0.15,16.93,1.36,4.85,0.08,GBP,Yes,2.6
2024-01-27,D,2.31,1.09,0.8,17.69,1.23,5.82,0.11,USD,Yes,0.42
2024-01-28,B,2.22,4.13,0.11,30.24,1.45,5.3,0.13,GBP,No,0.0
2024-01-29,D,5.82,2.56,0.9,32.88,1.17,5.85,0.19,GBP,Yes,2.36
2024-01-30,C,9.7,3.04,0.51,20.57,1.48,4.43,0.14,EUR,Yes,6.15
2024-01-31,A,4.26,2.12,0.46,34.98,1.03,5.74,0.06,USD,Yes,1.68
2024-02-01,B,3.24,2.76,0.56,20.18,1.16,4.26,0.1,JPY,No,0.0
2024-02-02,D,9.73,4.78,0.4,26.42,1.45,4.02,0.17,USD,Yes,4.55
2024-02-03,C,9.59,1.37,0.25,34.21,1.27,4.04,0.09,GBP,Yes,7.97
2024-02-04,D,5.6,3.77,0.76,34.91,1.14,5.61,0.13,EUR,Yes,1.07
2024-02-05,C,5.25,1.68,0.98,32.07,1.25,5.81,0.08,JPY,Yes,2.59
2024-02-06,B,6.35,3.78,0.56,34.81,1.31,5.11,0.17,USD,Yes,2.01
2024-02-07,B,3.36,2.54,0.41,23.64,1.39,5.45,0.17,USD,Yes,0.41
2024-02-08,D,6.61,2.37,0.83,19.77,1.11,5.51,0.09,EUR,Yes,3.41
2024-02-09,D,2.07,3.59,0.56,23.91,1.48,5.71,0.18,USD,No,0.0
2024-02-10,C,3.12,3.28,0.88,26.66,1.36,5.12,0.06,GBP,No,0.0
2024-02-11,A,5.66,2.58,0.88,19.88,1.48,6.87,0.09,GBP,Yes,2.2
2024-02-12,C,4.78,4.58,0.97,23.87,1.16,5.58,0.15,EUR,No,0.0
2024-02-13,B,4.19,3.95,0.15,15.99,1.19,5.06,0.1,GBP,No,0.0
2024-02-14,B,5.93,2.28,0.27,21.19,1.49,5.23,0.12,USD,Yes,3.38
2024-02-15,B,6.61,4.93,0.32,28.63,1.36,5.82,0.06,EUR,Yes,1.36
2024-02-16,B,7.41,1.26,0.64,29.79,1.11,6.52,0.05,JPY,Yes,5.51
2024-02-17,A,8.75,2.84,0.3,17.68,1.48,4.22,0.08,GBP,Yes,5.61
2024-02-18,C,4.78,3.48,0.59,17.51,1.14,4.72,0.08,JPY,Yes,0.71
2024-02-19,B,5.29,3.82,0.3,22.33,1.2,6.93,0.19,USD,Yes,1.17
2024-02-20,A,8.4,1.97,0.16,21.34,1.13,5.52,0.17,GBP,Yes,6.27
2024-02-21,D,8.87,4.38,0.42,28.74,1.16,4.18,0.16,JPY,Yes,4.07
2024-02-22,D,2.08,2.64,0.4,28.87,1.38,4.91,0.17,JPY,No,0.0
2024-02-23,A,4.35,2.79,0.75,28.86,1.49,4.68,0.15,EUR,Yes,0.81
2024-02-24,C,6.88,4.66,0.24,30.04,1.28,4.82,0.12,USD,Yes,1.98
2024-02-25,D,4.67,3.32,0.9,26.39,1.32,5.56,0.06,JPY,Yes,0.45
2024-02-26,C,3.86,2.97,0.38,18.64,1.25,4.97,0.09,EUR,Yes,0.51
2024-02-27,B,5.71,1.53,0.93,32.35,1.35,4.32,0.17,EUR,Yes,3.25
2024-02-28,D,8.46,4.07,0.2,27.88,1.42,5.73,0.15,USD,Yes,4.19
2024-02-29,A,5.67,3.11,0.13,27.78,1.04,5.31,0.09,EUR,Yes,2.43
2024-03-01,C,6.36,1.53,0.72,30.9,1.08,4.31,0.07,EUR,Yes,4.11
2024-03-02,B,9.02,3.11,0.52,17.13,1.32,6.6,0.17,GBP,Yes,5.39
2024-03-03,B,7.01,1.3,0.2,15.99,1.13,4.41,0.09,GBP,Yes,5.51
2024-03-04,C,5.08,4.77,0.65,31.7,1.36,4.34,0.16,USD,No,0.0
2024-03-05,C,4.2,3.56,0.41,34.95,1.13,4.84,0.19,EUR,Yes,0.23
2024-03-06,C,2.2,3.79,0.75,31.73,1.49,6.93,0.06,EUR,No,0.0
2024-03-07,C,8.57,3.59,0.68,17.57,1.33,6.95,0.19,USD,Yes,4.3
2024-03-08,B,5.51,1.16,0.43,31.53,1.35,5.38,0.06,EUR,Yes,3.92
2024-03-09,B,5.42,2.88,0.94,27.82,1.16,5.58,0.06,GBP,Yes,1.6
2024-03-10,A,9.78,2.44,0.53,22.11,1.34,5.99,0.16,USD,Yes,6.81
2024-03-11,A,4.15,2.26,0.21,28.11,1.02,5.79,0.18,USD,Yes,1.68
2024-03-12,C,9.13,2.8,0.51,16.54,1.34,6.46,0.09,EUR,Yes,5.82
2024-03-13,D,5.37,4.36,0.89,19.86,1.28,4.58,0.07,USD,Yes,0.12
2024-03-14,D,9.29,4.28,0.78,15.98,1.42,5.31,0.1,GBP,Yes,4.23
2024-03-15,C,6.37,1.37,0.78,26.65,1.09,4.56,0.08,JPY,Yes,4.22
2024-03-16,B,2.46,3.35,0.86,15.35,1.02,5.72,0.17,JPY,No,0.0
2024-03-17,C,4.61,2.4,0.64,20.48,1.01,6.21,0.14,JPY,Yes,1.57
2024-03-18,A,6.65,3.97,0.71,19.12,1.18,4.38,0.07,USD,Yes,1.97
2024-03-19,B,7.41,4.43,0.97,27.57,1.09,4.32,0.17,JPY,Yes,2.01
2024-03-20,D,6.63,3.47,0.8,29.07,1.42,4.17,0.16,JPY,Yes,2.36
2024-03-21,D,8.81,2.14,0.68,21.28,1.48,4.1,0.14,EUR,Yes,5.99
2024-03-22,C,3.33,3.85,0.26,19.71,1.25,6.74,0.08,EUR,No,0.0
2024-03-23,C,3.15,4.04,0.55,33.24,1.07,5.94,0.08,GBP,No,0.0
2024-03-24,C,3.25,3.73,0.63,30.1,1.15,5.34,0.11,JPY,No,0.0
2024-03-25,B,9.87,2.17,0.37,22.09,1.28,4.76,0.19,GBP,Yes,7.33
2024-03-26,A,4.13,4.58,0.19,28.13,1.45,4.51,0.2,GBP,No,0.0
2024-03-27,B,5.62,4.78,0.71,21.03,1.09,4.91,0.06,JPY,Yes,0.13
2024-03-28,A,3.15,1.42,0.48,30.91,1.07,4.39,0.15,GBP,Yes,1.25
2024-03-29,D,3.58,1.39,0.25,33.47,1.41,5.06,0.15,EUR,Yes,1.94
2024-03-30,B,6.3,3.71,0.71,27.57,1.13,4.12,0.12,USD,Yes,1.88
2024-03-31,A,9.13,3.28,0.85,34.83,1.08,6.08,0.15,GBP,Yes,5.0
2024-04-01,D,9.84,4.94,0.72,19.87,1.4,4.32,0.17,JPY,Yes,4.18
2024-04-02,B,9.28,2.53,0.67,23.6,1.22,4.93,0.16,EUR,Yes,6.08
2024-04-03,C,9.49,4.76,0.26,32.49,1.37,4.76,0.06,GBP,Yes,4.47
2024-04-04,B,4.14,4.65,0.67,29.42,1.13,6.16,0.05,EUR,No,0.0
2024-04-05,D,5.0,3.51,0.23,31.46,1.12,5.96,0.11,JPY,Yes,1.26
2024-04-06,D,6.77,1.43,0.12,33.19,1.13,6.46,0.2,GBP,Yes,5.22
2024-04-07,D,3.69,2.06,0.7,34.31,1.46,5.51,0.17,USD,Yes,0.93
2024-04-08,A,3.09,4.91,0.97,18.27,1.15,4.3,0.09,JPY,No,0.0
2024-04-09,D,8.53,2.51,0.18,21.84,1.49,5.89,0.11,EUR,Yes,5.84
2024-04-10,B,3.33,4.94,0.84,20.63,1.04,4.17,0.07,GBP,No,0.0
2024-04-11,A,6.65,4.72,0.55,31.86,1.22,6.13,0.16,USD,Yes,1.38
2024-04-12,C,3.39,2.44,0.67,16.41,1.18,5.6,0.2,JPY,Yes,0.28
2024-04-13,D,5.8,4.26,0.49,30.93,1.3,6.66,0.11,GBP,Yes,1.05
2024-04-14,A,6.83,3.52,0.48,17.89,1.05,4.05,0.18,USD,Yes,2.83
2024-04-15,D,3.89,1.85,0.76,21.4,1.25,4.49,0.19,EUR,Yes,1.28
2024-04-16,C,8.81,4.46,0.47,30.25,1.07,4.03,0.05,GBP,Yes,3.88
2024-04-17,D,6.69,2.82,0.57,15.15,1.21,6.15,0.12,GBP,Yes,3.3
2024-04-18,A,7.86,1.93,0.83,26.77,1.11,4.71,0.14,JPY,Yes,5.1
2024-04-19,A,8.64,2.66,0.33,32.34,1.33,5.34,0.12,EUR,Yes,5.65
2024-04-20,C,3.63,3.51,0.42,34.91,1.24,5.46,0.13,GBP,No,0.0
2024-04-21,A,9.33,4.2,0.51,29.37,1.29,5.48,0.08,JPY,Yes,4.62
2024-04-22,D,5.71,1.98,0.92,21.71,1.48,5.6,0.14,GBP,Yes,2.81
2024-04-23,A,6.34,1.52,0.44,16.98,1.31,5.34,0.17,EUR,Yes,4.38
2024-04-24,A,3.76,1.66,0.47,33.53,1.36,5.26,0.13,JPY,Yes,1.63
2024-04-25,C,2.67,4.94,0.7,20.71,1.29,4.33,0.19,GBP,No,0.0
2024-04-26,C,3.4,3.59,0.32,29.35,1.39,6.02,0.14,EUR,No,0.0
2024-04-27,B,9.14,1.31,0.4,19.97,1.49,5.17,0.16,JPY,Yes,7.43
2024-04-28,A,7.48,1.85,0.32,20.63,1.21,4.7,0.05,USD,Yes,5.31
2024-04-29,A,9.04,4.86,0.41,21.77,1.0,6.04,0.17,EUR,Yes,3.77
2024-04-30,C,3.17,1.64,0.81,27.33,1.02,5.87,0.1,JPY,Yes,0.72
2024-05-01,D,4.95,4.08,0.83,23.01,1.47,5.22,0.17,EUR,No,0.0
2024-05-02,B,5.87,4.59,0.92,16.75,1.47,6.48,0.17,GBP,Yes,0.36
2024-05-03,C,3.61,4.22,0.87,20.78,1.48,4.15,0.07,EUR,No,0.0
2024-05-04,D,6.3,3.3,0.68,15.34,1.48,4.13,0.07,GBP,Yes,2.32
2024-05-05,C,2.11,3.27,0.94,28.32,1.41,4.04,0.13,JPY,No,0.0
2024-05-06,C,5.68,3.0,0.16,28.69,1.25,6.3,0.12,JPY,Yes,2.52
2024-05-07,A,3.2,3.59,0.26,32.45,1.31,4.47,0.19,GBP,No,0.0
2024-05-08,C,6.15,1.29,0.66,20.06,1.4,6.45,0.2,USD,Yes,4.2
2024-05-09,D,6.01,2.82,0.78,17.65,1.27,5.64,0.06,GBP,Yes,2.41
2024-05-10,A,5.34,4.41,0.87,16.98,1.05,4.79,0.18,JPY,No,0.0
2024-05-11,C,3.03,3.88,0.19,27.46,1.18,6.37,0.09,EUR,No,0.0
2024-05-12,A,7.11,1.94,0.74,32.47,1.06,6.6,0.14,JPY,Yes,4.43
2024-05-13,B,3.02,2.71,0.24,29.01,1.38,4.32,0.13,JPY,No,0.0
2024-05-14,B,8.52,4.74,0.56,34.01,1.27,5.18,0.18,EUR,Yes,3.22
2024-05-15,A,5.94,2.89,0.54,31.94,1.42,5.21,0.1,USD,Yes,2.51
2024-05-16,B,5.94,3.29,0.31,30.88,1.24,5.0,0.07,USD,Yes,2.34
2024-05-17,D,3.91,4.8,0.37,18.38,1.23,4.92,0.06,GBP,No,0.0
2024-05-18,D,4.59,3.18,0.6,22.13,1.22,6.9,0.11,EUR,Yes,0.81
2024-05-19,D,4.07,1.97,0.51,30.19,1.1,6.13,0.05,EUR,Yes,1.59
2024-05-20,D,5.35,4.1,0.4,26.27,1.1,6.23,0.06,JPY,Yes,0.85
2024-05-21,A,8.82,1.79,0.89,22.05,1.36,4.96,0.19,EUR,Yes,6.14
2024-05-22,B,3.01,1.71,0.54,16.64,1.1,6.83,0.2,GBP,Yes,0.76
2024-05-23,D,5.01,4.69,0.59,20.39,1.35,5.98,0.2,JPY,No,0.0
2024-05-24,C,4.12,3.69,0.15,17.27,1.0,7.0,0.17,EUR,Yes,0.28
2024-05-25,D,8.29,3.04,0.37,18.03,1.14,5.13,0.16,GBP,Yes,4.88
2024-05-26,C,6.32,1.31,0.12,17.05,1.21,6.8,0.15,GBP,Yes,4.89
2024-05-27,D,8.41,2.87,0.43,17.17,1.44,6.35,0.08,EUR,Yes,5.11
2024-05-28,B,6.1,2.95,0.66,33.92,1.29,5.62,0.06,GBP,Yes,2.49
2024-05-29,C,2.5,1.75,0.13,29.87,1.36,4.41,0.18,EUR,Yes,0.62
2024-05-30,C,3.24,2.2,0.32,22.45,1.13,5.47,0.11,GBP,Yes,0.72
2024-05-31,B,9.89,1.22,0.23,16.06,1.31,4.16,0.18,JPY,Yes,8.44
2024-06-01,C,6.1,3.11,0.61,18.42,1.1,4.96,0.14,JPY,Yes,2.38
2024-06-02,C,3.68,1.47,0.97,15.44,1.4,6.36,0.09,GBP,Yes,1.24
2024-06-03,C,3.09,1.58,0.73,27.86,1.39,6.81,0.15,USD,Yes,0.78
2024-06-04,D,3.25,1.97,0.86,19.19,1.04,6.11,0.11,JPY,Yes,0.42
2024-06-05,C,9.36,3.6,0.18,33.96,1.13,5.01,0.11,EUR,Yes,5.58
2024-06-06,C,2.41,2.99,0.21,23.02,1.18,6.32,0.17,USD,No,0.0
2024-06-07,C,3.23,2.47,0.44,18.03,1.4,6.12,0.08,USD,Yes,0.32
2024-06-08,C,4.93,1.42,0.67,17.43,1.49,6.34,0.11,JPY,Yes,2.84
2024-06-09,C,6.63,4.65,0.6,18.49,1.19,6.53,0.15,JPY,Yes,1.38
2024-06-10,B,7.21,4.47,0.9,33.4,1.05,5.63,0.16,EUR,Yes,1.84
2024-06-11,C,8.06,3.43,0.25,30.95,1.36,4.26,0.12,GBP,Yes,4.38
2024-06-12,B,3.39,2.35,0.12,23.01,1.27,5.86,0.15,USD,Yes,0.92
2024-06-13,B,8.69,1.86,0.21,32.03,1.08,6.92,0.18,EUR,Yes,6.62
2024-06-14,A,6.01,4.93,0.19,21.06,1.32,5.05,0.19,EUR,Yes,0.89
2024-06-15,B,2.53,3.2,0.63,28.05,1.13,5.09,0.18,USD,No,0.0
2024-06-16,A,3.56,4.31,0.61,30.24,1.36,4.62,0.14,JPY,No,0.0
2024-06-17,C,8.94,2.73,0.97,24.04,1.07,5.17,0.19,JPY,Yes,5.24
2024-06-18,A,4.56,4.47,0.89,22.0,1.04,6.17,0.1,EUR,No,0.0
2024-06-19,A,8.26,2.77,0.54,30.56,1.19,5.33,0.11,EUR,Yes,4.95
2024-06-20,D,4.94,3.1,0.83,22.24,1.26,6.01,0.09,JPY,Yes,1.01
2024-06-21,D,4.22,4.73,0.75,26.54,1.32,4.09,0.14,EUR,No,0.0
2024-06-22,C,6.08,3.18,0.42,16.63,1.1,6.85,0.11,GBP,Yes,2.48
2024-06-23,C,5.73,1.21,0.13,29.34,1.27,5.53,0.09,USD,Yes,4.39
2024-06-24,A,7.96,1.67,0.27,24.21,1.14,4.74,0.15,EUR,Yes,6.02
2024-06-25,A,7.21,4.3,0.48,16.46,1.14,6.94,0.14,EUR,Yes,2.43
2024-06-26,D,7.68,1.03,0.57,15.75,1.28,6.76,0.2,EUR,Yes,6.08
2024-06-27,A,6.32,2.83,0.95,28.47,1.03,5.4,0.09,JPY,Yes,2.54
2024-06-28,D,5.76,2.82,0.62,22.14,1.08,5.51,0.17,EUR,Yes,2.32
2024-06-29,C,7.31,2.35,0.94,33.24,1.1,4.12,0.16,USD,Yes,4.02
2024-06-30,A,8.62,4.87,0.9,27.01,1.27,4.08,0.09,GBP,Yes,2.85
2024-07-01,A,5.68,3.51,0.6,29.85,1.14,5.69,0.06,GBP,Yes,1.57
2024-07-02,C,5.31,4.0,0.72,34.81,1.14,5.49,0.1,JPY,Yes,0.59
2024-07-03,D,5.52,4.43,0.72,32.65,1.1,6.62,0.06,EUR,Yes,0.37
2024-07-04,D,9.11,2.32,0.38,25.24,1.47,4.14,0.1,GBP,Yes,6.41
2024-07-05,B,8.85,2.58,0.28,23.5,1.19,6.75,0.16,USD,Yes,5.99
2024-07-06,C,6.04,4.95,0.52,16.16,1.13,5.31,0.07,EUR,Yes,0.57
2024-07-07,D,9.58,4.07,0.34,26.82,1.36,6.82,0.18,GBP,Yes,5.17
2024-07-08,B,6.12,4.1,0.61,26.05,1.06,4.38,0.13,USD,Yes,1.41
2024-07-09,C,4.15,1.08,0.75,15.65,1.3,5.62,0.2,GBP,Yes,2.32
2024-07-10,B,5.87,1.25,0.6,31.82,1.5,5.29,0.1,EUR,Yes,4.02
2024-07-11,D,9.25,1.76,0.65,23.11,1.02,5.04,0.09,JPY,Yes,6.84
2024-07-12,C,7.49,4.8,0.34,31.23,1.03,5.61,0.06,USD,Yes,2.35
2024-07-13,D,9.47,4.07,0.69,31.48,1.32,6.91,0.16,USD,Yes,4.71
2024-07-14,B,9.4,3.07,0.21,25.56,1.06,5.78,0.12,EUR,Yes,6.12
2024-07-15,D,6.98,1.04,0.28,24.83,1.48,5.15,0.11,GBP,Yes,5.66
2024-07-16,B,7.72,3.42,0.37,23.22,1.11,6.9,0.07,USD,Yes,3.93
2024-07-17,C,4.97,1.1,0.3,30.61,1.1,4.24,0.12,JPY,Yes,3.57
2024-07-18,B,2.08,1.34,0.83,30.43,1.46,6.56,0.15,JPY,No,0.0
2024-07-19,C,2.42,4.13,0.86,30.98,1.25,4.7,0.18,GBP,No,0.0
2024-07-20,C,7.82,4.92,0.24,19.51,1.11,6.38,0.08,USD,Yes,2.66
2024-07-21,C,2.53,4.99,0.12,31.7,1.18,6.52,0.13,GBP,No,0.0
2024-07-22,B,9.21,4.7,0.11,16.51,1.13,6.01,0.18,USD,Yes,4.4
2024-07-23,A,5.68,3.43,0.27,31.1,1.48,4.81,0.12,JPY,Yes,1.98
2024-07-24,C,2.69,3.24,0.55,17.89,1.22,5.0,0.13,EUR,No,0.0
2024-07-25,D,6.69,1.03,0.78,29.26,1.18,4.16,0.16,GBP,Yes,4.88
2024-07-26,A,9.64,1.96,0.39,18.68,1.29,4.46,0.1,GBP,Yes,7.29
2024-07-27,C,7.58,3.24,0.45,23.4,1.28,4.02,0.06,EUR,Yes,3.89
2024-07-28,B,9.05,1.31,0.74,33.4,1.14,5.11,0.14,EUR,Yes,7.0
2024-07-29,D,9.05,4.77,0.77,16.73,1.33,5.23,0.12,EUR,Yes,3.51
2024-07-30,D,2.39,1.76,0.81,24.08,1.15,5.15,0.18,GBP,No,0.0
2024-07-31,D,7.99,2.09,0.21,20.04,1.46,5.74,0.13,JPY,Yes,5.69
2024-08-01,B,6.77,2.46,0.83,25.47,1.06,4.39,0.13,EUR,Yes,3.48
2024-08-02,A,9.49,2.23,0.88,30.28,1.12,4.11,0.07,JPY,Yes,6.38
2024-08-03,C,7.83,1.8,0.43,25.03,1.36,4.34,0.11,USD,Yes,5.6
2024-08-04,A,5.88,3.16,0.84,18.43,1.4,6.08,0.13,USD,Yes,1.88
2024-08-05,B,7.6,2.65,0.22,28.32,1.26,5.92,0.1,EUR,Yes,4.73
2024-08-06,B,9.25,3.35,0.18,24.0,1.38,6.38,0.12,GBP,Yes,5.72
2024-08-07,D,9.16,2.07,0.47,32.97,1.45,6.06,0.18,USD,Yes,6.62
2024-08-08,B,2.71,4.46,0.39,18.57,1.12,5.25,0.09,JPY,No,0.0
2024-08-09,A,4.56,1.54,0.37,26.45,1.22,5.04,0.16,JPY,Yes,2.65
2024-08-10,A,9.15,4.03,0.4,29.89,1.08,4.39,0.1,JPY,Yes,4.72
2024-08-11,B,8.46,1.99,0.16,17.63,1.43,5.9,0.09,JPY,Yes,6.31
2024-08-12,D,6.44,3.11,0.69,19.66,1.43,4.93,0.15,USD,Yes,2.64
2024-08-13,D,2.13,2.49,0.42,25.87,1.04,6.37,0.08,GBP,No,0.0
2024-08-14,A,7.42,4.21,0.61,29.82,1.33,5.07,0.17,JPY,Yes,2.6
2024-08-15,C,4.36,3.28,0.77,22.58,1.15,5.38,0.17,USD,Yes,0.31
2024-08-16,B,9.44,3.18,0.7,33.07,1.05,4.7,0.16,USD,Yes,5.56
2024-08-17,A,8.59,4.43,0.47,16.79,1.22,4.69,0.09,JPY,Yes,3.69
2024-08-18,C,8.18,1.3,0.84,23.55,1.3,4.27,0.1,USD,Yes,6.04
2024-08-19,A,2.72,4.85,0.83,24.19,1.11,6.8,0.1,USD,No,0.0
2024-08-20,D,3.29,3.25,0.95,15.08,1.12,6.82,0.08,USD,No,0.0
2024-08-21,C,2.91,3.28,0.88,24.54,1.5,6.04,0.06,JPY,No,0.0
2024-08-22,B,9.94,2.63,0.36,26.16,1.15,4.26,0.05,EUR,Yes,6.95
2024-08-23,D,5.6,4.35,0.62,34.98,1.14,4.84,0.07,GBP,Yes,0.63
2024-08-24,D,3.31,2.14,0.81,33.12,1.49,4.7,0.18,JPY,Yes,0.36
2024-08-25,D,4.63,1.45,0.88,27.72,1.08,5.29,0.09,JPY,Yes,2.3
2024-08-26,A,7.89,2.81,0.99,16.09,1.18,5.45,0.13,EUR,Yes,4.09
2024-08-27,C,4.53,3.92,0.89,33.77,1.4,6.55,0.13,USD,No,0.0
2024-08-28,B,8.61,2.21,0.46,21.34,1.23,4.86,0.19,JPY,Yes,5.94
2024-08-29,B,4.5,1.39,0.57,16.14,1.06,4.66,0.12,EUR,Yes,2.54
2024-08-30,A,5.47,4.2,0.77,23.53,1.17,4.95,0.17,USD,Yes,0.5
2024-08-31,C,2.42,1.05,0.82,24.54,1.07,4.71,0.19,JPY,Yes,0.55
2024-09-01,D,8.88,3.84,0.53,25.41,1.49,6.9,0.08,JPY,Yes,4.51
2024-09-02,B,8.49,1.79,0.29,28.52,1.2,6.79,0.06,EUR,Yes,6.41
2024-09-03,D,6.09,4.67,0.91,18.13,1.18,5.86,0.07,GBP,Yes,0.51
2024-09-04,B,9.74,4.66,0.25,17.42,1.04,6.73,0.08,GBP,Yes,4.83
2024-09-05,B,5.33,2.8,0.64,16.43,1.11,6.79,0.19,USD,Yes,1.89
2024-09-06,A,8.25,1.08,0.39,27.56,1.14,6.73,0.15,JPY,Yes,6.78
2024-09-07,A,2.58,4.64,0.96,16.55,1.27,4.91,0.11,EUR,No,0.0
2024-09-08,B,3.44,3.31,0.96,25.06,1.04,5.86,0.1,USD,No,0.0
2024-09-09,A,8.85,2.74,0.27,18.82,1.38,4.8,0.17,USD,Yes,5.84
2024-09-10,D,3.65,2.29,0.52,33.86,1.47,4.62,0.1,USD,Yes,0.84
2024-09-11,B,3.2,3.04,0.51,33.02,1.47,5.15,0.12,USD,No,0.0
2024-09-12,D,9.17,4.23,0.1,21.4,1.21,4.69,0.08,JPY,Yes,4.84
2024-09-13,B,2.3,3.57,0.34,16.05,1.12,6.41,0.18,EUR,No,0.0
2024-09-14,A,5.86,2.66,0.98,19.01,1.11,4.88,0.08,EUR,Yes,2.22
2024-09-15,C,5.03,4.64,0.65,23.24,1.47,4.15,0.08,EUR,No,0.0
2024-09-16,C,6.53,3.46,0.14,23.06,1.32,6.09,0.15,GBP,Yes,2.93
2024-09-17,B,4.56,1.37,0.48,17.58,1.47,5.43,0.1,GBP,Yes,2.71
2024-09-18,B,8.13,2.99,0.38,31.24,1.43,6.02,0.06,EUR,Yes,4.76
2024-09-19,D,6.53,4.05,0.22,19.57,1.44,4.06,0.16,GBP,Yes,2.26
2024-09-20,C,5.79,2.79,0.11,31.39,1.18,5.62,0.15,USD,Yes,2.89
2024-09-21,B,7.62,4.82,0.58,22.99,1.48,5.93,0.09,JPY,Yes,2.22
2024-09-22,D,3.01,4.37,0.43,28.21,1.24,4.6,0.14,USD,No,0.0
2024-09-23,C,2.49,2.65,0.59,23.72,1.37,6.48,0.17,JPY,No,0.0
2024-09-24,C,2.31,1.78,0.58,33.7,1.42,6.53,0.1,JPY,No,0.0
2024-09-25,D,5.44,2.88,0.24,15.62,1.47,4.72,0.09,EUR,Yes,2.32
2024-09-26,C,2.67,4.71,0.62,28.34,1.46,5.04,0.14,JPY,No,0.0
