Date,Client,MTM,Collateral,Threshold,Volatility,Currency,InterestRate,MTA,MarginCallMade,MarginCallAmount
01-Apr-2025,ClientA,8453464,7388691,1010719,29,USD,5.1,100000,No,54054
01-Apr-2025,ClientB,4629193,3898139,521692,23,USD,5.3,200000,Yes,209362
01-Apr-2025,ClientC,7963270,6772551,974327,26,USD,5.2,150000,Yes,216392
01-Apr-2025,ClientD,10148876,8800786,1303508,35,USD,5.3,80000,No,44582
01-Apr-2025,ClientE,8545944,5581767,1398826,30,USD,5.3,1200000,Yes,1565351
01-Apr-2025,ClientF,8527942,5318301,2137955,31,USD,4.9,2500000,No,1071686
01-Jan-2025,ClientA,7644716,6677261,913401,28,USD,5.0,100000,No,54054
01-Jan-2025,ClientB,4178274,3500444,468468,22,USD,5.2,200000,Yes,209362
01-Jan-2025,ClientC,7238902,6139287,883223,25,USD,5.1,150000,Yes,216392
01-Jan-2025,ClientD,9245164,8013657,1186924,34,USD,5.1,80000,No,44583
01-Jan-2025,ClientE,7746765,4942734,1238681,29,USD,5.1,1200000,Yes,1565350
01-Jan-2025,ClientF,7723426,4744466,1907274,30,USD,4.8,2500000,No,1071686
01-May-2025,ClientA,8731471,7633244,1044172,30,USD,5.2,100000,No,54055
01-May-2025,ClientB,4784197,4034848,539988,24,USD,5.3,200000,Yes,209361
01-May-2025,ClientC,8212272,6990236,1005644,27,USD,5.2,150000,Yes,216392
01-May-2025,ClientD,10459527,9071361,1343583,36,USD,5.3,80000,No,44583
01-May-2025,ClientE,8820662,5801435,1453876,31,USD,5.3,1200000,Yes,1565351
01-May-2025,ClientF,8804495,5515557,2217252,32,USD,5.0,2500000,No,1071686
01-Nov-2024,ClientA,7101339,6199270,848015,27,USD,4.9,100000,No,54054
01-Nov-2024,ClientB,3875312,3233242,432708,21,USD,5.1,200000,Yes,209362
01-Nov-2024,ClientC,6752217,5713813,822012,24,USD,5.0,150000,Yes,216392
01-Nov-2024,ClientD,8637982,7484805,1108594,33,USD,5.0,80000,No,44583
01-Nov-2024,ClientE,7209816,4513383,1131082,28,USD,5.0,1200000,Yes,1565351
01-Nov-2024,ClientF,7182891,4358920,1752285,29,USD,4.7,2500000,No,1071686
01-Oct-2024,ClientA,6810695,5943599,813041,26,USD,4.9,100000,No,54055
01-Oct-2024,ClientB,3713263,3090321,413581,20,USD,5.0,200000,Yes,209361
01-Oct-2024,ClientC,6491897,5486233,789272,23,USD,4.9,150000,Yes,216392
01-Oct-2024,ClientD,8313210,7201930,1066697,32,USD,5.0,80000,No,44583
01-Oct-2024,ClientE,6922611,4283731,1073530,27,USD,5.0,1200000,Yes,1565350
01-Oct-2024,ClientF,6893768,4152698,1669383,28,USD,4.7,2500000,No,1071687
02-Apr-2025,ClientA,8431867,7388406,1005694,33,USD,5.0,100000,No,37767
02-Apr-2025,ClientB,4651028,3175067,1208917,22,USD,5.3,200000,Yes,267044
02-Apr-2025,ClientC,7547617,6146164,1208917,29,USD,5.0,150000,Yes,192536
02-Apr-2025,ClientD,9942101,7145899,2729443,36,USD,4.9,80000,No,66759
02-Apr-2025,ClientE,8338575,5453479,1186595,30,USD,5.4,1200000,Yes,1698501
02-Apr-2025,ClientF,8437325,5013458,1909193,29,USD,5.1,2500000,No,1514674
02-Dec-2024,ClientA,7315343,6405653,871924,31,USD,4.9,100000,No,37766
02-Dec-2024,ClientB,4042679,2734475,1041160,20,USD,5.2,200000,Yes,267044
02-Dec-2024,ClientC,6574311,5332835,1048939,27,USD,4.9,150000,Yes,192537
02-Dec-2024,ClientD,8690440,6240184,2383497,34,USD,4.7,80000,No,66759
02-Dec-2024,ClientE,7253519,4562325,992694,28,USD,5.2,1200000,Yes,1698500
02-Dec-2024,ClientF,7356231,4230518,1611038,27,USD,4.9,2500000,No,1514675
02-Jan-2025,ClientA,7610516,6665461,907288,32,USD,4.9,100000,No,37767
02-Jan-2025,ClientB,4203507,2850953,1085509,21,USD,5.2,200000,Yes,267045
02-Jan-2025,ClientC,6831622,5547853,1091232,28,USD,4.9,150000,Yes,192537
02-Jan-2025,ClientD,9021339,6479626,2474954,35,USD,4.8,80000,No,66759
02-Jan-2025,ClientE,7540373,4797917,1043955,29,USD,5.3,1200000,Yes,1698501
02-Jan-2025,ClientF,7642037,4437501,1689861,28,USD,5.0,2500000,No,1514675
02-May-2025,ClientA,8714207,7636919,1039521,34,USD,5.1,100000,No,37767
02-May-2025,ClientB,4804863,3286481,1251338,23,USD,5.4,200000,Yes,267044
02-May-2025,ClientC,7793740,6351833,1249371,30,USD,5.1,150000,Yes,192536
02-May-2025,ClientD,10258613,7374930,2816924,37,USD,4.9,80000,No,66759
02-May-2025,ClientE,8612957,5678828,1235628,31,USD,5.4,1200000,Yes,1698501
02-May-2025,ClientF,8710705,5211442,1984588,30,USD,5.2,2500000,No,1514675
02-Oct-2024,ClientA,6763498,5919924,805807,30,USD,4.8,100000,No,37767
02-Oct-2024,ClientB,3742001,2516711,958246,19,USD,5.1,200000,Yes,267044
02-Oct-2024,ClientC,6093252,4930845,969870,26,USD,4.8,150000,Yes,192537
02-Oct-2024,ClientD,8071803,5792532,2212512,33,USD,4.6,80000,No,66759
02-Oct-2024,ClientE,6717227,4121869,896857,27,USD,5.1,1200000,Yes,1698501
02-Oct-2024,ClientF,6821897,3843547,1463675,26,USD,4.9,2500000,No,1514675
03-Apr-2025,ClientA,8838397,6491569,2279406,29,USD,5.4,100000,No,67422
03-Apr-2025,ClientB,5012873,4209254,730348,23,USD,5.2,200000,No,73271
03-Apr-2025,ClientC,7677807,6292624,1183836,29,USD,5.2,150000,Yes,201347
03-Apr-2025,ClientD,9397014,7444531,1916551,35,USD,5.0,80000,No,35932
03-Apr-2025,ClientE,8769881,5969909,1450802,32,USD,5.3,1200000,Yes,1349170
03-Apr-2025,ClientF,8602264,4410259,1190756,31,USD,5.0,2500000,Yes,3001249
03-Dec-2024,ClientA,7738697,5677660,1993615,27,USD,5.3,100000,No,67422
03-Dec-2024,ClientB,4358173,3651356,633547,21,USD,5.0,200000,No,73270
03-Dec-2024,ClientC,6737494,5501202,1034945,27,USD,5.0,150000,Yes,201347
03-Dec-2024,ClientD,8174393,6472225,1666236,33,USD,4.9,80000,No,35932
03-Dec-2024,ClientE,7701295,5110239,1241886,30,USD,5.1,1200000,Yes,1349170
03-Dec-2024,ClientF,7489994,3534453,954292,29,USD,4.8,2500000,Yes,3001249
03-Feb-2025,ClientA,8294867,6089292,2138153,28,USD,5.3,100000,No,67422
03-Feb-2025,ClientB,4689286,3933512,682504,22,USD,5.1,200000,No,73270
03-Feb-2025,ClientC,7213055,5901462,1110246,28,USD,5.1,150000,Yes,201347
03-Feb-2025,ClientD,8792730,6963966,1792832,34,USD,4.9,80000,No,35932
03-Feb-2025,ClientE,8241729,5545015,1347545,31,USD,5.2,1200000,Yes,1349169
03-Feb-2025,ClientF,8052521,3977389,1073883,30,USD,4.9,2500000,Yes,3001249
03-Jan-2025,ClientA,8029423,5892832,2069169,28,USD,5.3,100000,No,67422
03-Jan-2025,ClientB,4531255,3798846,659138,22,USD,5.1,200000,No,73271
03-Jan-2025,ClientC,6986082,5710428,1074307,28,USD,5.1,150000,Yes,201347
03-Jan-2025,ClientD,8497614,6729271,1732411,34,USD,4.9,80000,No,35932
03-Jan-2025,ClientE,7983794,5337508,1297116,31,USD,5.2,1200000,Yes,1349170
03-Jan-2025,ClientF,7784043,3765988,1016806,30,USD,4.9,2500000,Yes,3001249
03-Mar-2025,ClientA,8547672,6276398,2203852,29,USD,5.4,100000,No,67422
03-Mar-2025,ClientB,4839792,4061764,704757,23,USD,5.2,200000,No,73271
03-Mar-2025,ClientC,7429219,6083398,1144474,29,USD,5.2,150000,Yes,201347
03-Mar-2025,ClientD,9073792,7187485,1850375,35,USD,5.0,80000,No,35932
03-Mar-2025,ClientE,8487381,5742640,1395571,32,USD,5.3,1200000,Yes,1349170
03-Mar-2025,ClientF,8308215,4178723,1128243,31,USD,4.9,2500000,Yes,3001249
03-Oct-2024,ClientA,7195168,5275383,1852363,26,USD,5.2,100000,No,67422
03-Oct-2024,ClientB,4034586,3375613,585703,20,USD,5.0,200000,No,73270
03-Oct-2024,ClientC,6272741,5110039,961355,26,USD,5.0,150000,Yes,201347
03-Oct-2024,ClientD,7570109,5991660,1542517,32,USD,4.8,80000,No,35932
03-Oct-2024,ClientE,7173143,4685345,1138628,29,USD,5.0,1200000,Yes,1349170
03-Oct-2024,ClientF,6940252,3101585,837418,28,USD,4.7,2500000,Yes,3001249
04-Apr-2025,ClientA,9288665,7094008,2151175,32,USD,5.4,100000,No,43482
04-Apr-2025,ClientB,5212802,3876424,1114119,23,USD,5.2,200000,Yes,222259
04-Apr-2025,ClientC,7514367,5664584,1654766,26,USD,5.3,150000,Yes,195017
04-Apr-2025,ClientD,10315033,9066161,1208041,36,USD,5.5,80000,No,40831
04-Apr-2025,ClientE,9016585,5968870,1734063,31,USD,5.3,1200000,Yes,1313652
04-Apr-2025,ClientF,8845209,4462519,1594424,30,USD,4.9,2500000,Yes,2788266
04-Dec-2024,ClientA,8151330,6221309,1886539,30,USD,5.2,100000,No,43482
04-Dec-2024,ClientB,4584546,3388424,973864,21,USD,5.0,200000,Yes,222258
04-Dec-2024,ClientC,6547620,4916400,1436203,24,USD,5.1,150000,Yes,195017
04-Dec-2024,ClientD,9020793,7924098,1055864,34,USD,5.3,80000,No,40831
04-Dec-2024,ClientE,7896790,5101160,1481978,29,USD,5.1,1200000,Yes,1313652
04-Dec-2024,ClientF,7736359,3645562,1302531,28,USD,4.8,2500000,Yes,2788266
04-Feb-2025,ClientA,8726534,6662674,2020378,31,USD,5.3,100000,No,43482
04-Feb-2025,ClientB,4902285,3635229,1044798,22,USD,5.1,200000,Yes,222258
04-Feb-2025,ClientC,7036549,5294792,1546741,25,USD,5.2,150000,Yes,195016
04-Feb-2025,ClientD,9675351,8501693,1132827,35,USD,5.4,80000,No,40831
04-Feb-2025,ClientE,8463123,5540001,1609469,30,USD,5.2,1200000,Yes,1313653
04-Feb-2025,ClientF,8297157,4058736,1450155,29,USD,4.8,2500000,Yes,2788266
04-Mar-2025,ClientA,8987991,6863295,2081214,32,USD,5.3,100000,No,43482
04-Mar-2025,ClientB,5046711,3747413,1077040,23,USD,5.2,200000,Yes,222258
04-Mar-2025,ClientC,7258790,5466788,1596985,26,USD,5.3,150000,Yes,195017
04-Mar-2025,ClientD,9972877,8764236,1167810,36,USD,5.4,80000,No,40831
04-Mar-2025,ClientE,8720547,5739475,1667420,31,USD,5.2,1200000,Yes,1313652
04-Mar-2025,ClientF,8552065,4246542,1517257,30,USD,4.9,2500000,Yes,2788266
04-Nov-2024,ClientA,7863728,6000626,1819620,30,USD,5.2,100000,No,43482
04-Nov-2024,ClientB,4425677,3265022,938397,21,USD,5.0,200000,Yes,222258
04-Nov-2024,ClientC,6303156,4727205,1380934,24,USD,5.1,150000,Yes,195017
04-Nov-2024,ClientD,8693514,7635300,1017383,34,USD,5.2,80000,No,40831
04-Nov-2024,ClientE,7613624,4881739,1418232,29,USD,5.0,1200000,Yes,1313653
04-Nov-2024,ClientF,7455960,3438975,1228719,28,USD,4.7,2500000,Yes,2788266
04-Oct-2024,ClientA,7589199,5789975,1755742,29,USD,5.1,100000,No,43482
04-Oct-2024,ClientB,4274029,3147229,904542,20,USD,4.9,200000,Yes,222258
04-Oct-2024,ClientC,6069803,4546608,1328178,23,USD,5.0,150000,Yes,195017
04-Oct-2024,ClientD,8381112,7359631,980650,33,USD,5.2,80000,No,40831
04-Oct-2024,ClientE,7343329,4672292,1357384,28,USD,5.0,1200000,Yes,1313653
04-Oct-2024,ClientF,7188306,3241778,1158262,27,USD,4.7,2500000,Yes,2788266
05-Dec-2024,ClientA,7242998,5911118,1298899,31,USD,4.9,100000,No,32981
05-Dec-2024,ClientB,4306851,3192123,857173,20,USD,4.8,200000,Yes,257555
05-Dec-2024,ClientC,6373148,5186159,989754,27,USD,4.9,150000,Yes,197235
05-Dec-2024,ClientD,8410899,7381294,914887,33,USD,5.0,80000,Yes,114718
05-Dec-2024,ClientE,7985797,5473686,910655,28,USD,5.1,1200000,Yes,1601456
05-Dec-2024,ClientF,7689155,5338793,684643,31,USD,5.1,2500000,No,1665719
05-Feb-2025,ClientA,7787559,6357575,1397003,32,USD,5.0,100000,No,32981
05-Feb-2025,ClientB,4638295,3453406,927334,21,USD,4.9,200000,Yes,257555
05-Feb-2025,ClientC,6863391,5597835,1068321,28,USD,5.0,150000,Yes,197235
05-Feb-2025,ClientD,9048208,7948322,985168,34,USD,5.1,80000,Yes,114718
05-Feb-2025,ClientE,8544527,5952719,990352,29,USD,5.2,1200000,Yes,1601456
05-Feb-2025,ClientF,8257230,5842299,749212,32,USD,5.2,2500000,No,1665719
05-Mar-2025,ClientA,8035086,6560509,1441595,33,USD,5.0,100000,No,32982
05-Mar-2025,ClientB,4788952,3572171,959226,22,USD,4.9,200000,Yes,257555
05-Mar-2025,ClientC,7086229,5784961,1104033,29,USD,5.1,150000,Yes,197235
05-Mar-2025,ClientD,9337895,8206063,1017114,35,USD,5.1,80000,Yes,114718
05-Mar-2025,ClientE,8798495,6170461,1026577,30,USD,5.2,1200000,Yes,1601457
05-Mar-2025,ClientF,8515446,6071165,778562,33,USD,5.2,2500000,No,1665719
05-May-2025,ClientA,8567271,6996820,1537469,34,USD,5.1,100000,No,32982
05-May-2025,ClientB,5112863,3827515,1027793,23,USD,5.0,200000,Yes,257555
05-May-2025,ClientC,7565330,6187281,1180814,30,USD,5.1,150000,Yes,197235
05-May-2025,ClientD,9960720,8760204,1085798,36,USD,5.2,80000,Yes,114718
05-May-2025,ClientE,9344527,6638608,1104463,31,USD,5.3,1200000,Yes,1601456
05-May-2025,ClientF,9070610,6563228,841664,34,USD,5.3,2500000,No,1665718
05-Nov-2024,ClientA,6970718,5687889,1249847,31,USD,4.9,100000,No,32982
05-Nov-2024,ClientB,4141129,3061482,822092,20,USD,4.7,200000,Yes,257555
05-Nov-2024,ClientC,6128027,4980321,950471,27,USD,4.9,150000,Yes,197235
05-Nov-2024,ClientD,8092244,7097780,879746,33,USD,5.0,80000,Yes,114718
05-Nov-2024,ClientE,7706432,5234169,870807,28,USD,5.0,1200000,Yes,1601456
05-Nov-2024,ClientF,7405117,5087040,652358,31,USD,5.1,2500000,No,1665719
06-Dec-2024,ClientA,7775868,5676326,1972365,30,USD,5.2,100000,Yes,127177
06-Dec-2024,ClientB,4545637,3789384,675955,22,USD,5.0,200000,No,80298
06-Dec-2024,ClientC,6421071,5497894,733758,24,USD,5.2,150000,Yes,189419
06-Dec-2024,ClientD,9101457,6492675,2562798,32,USD,4.7,80000,No,45984
06-Dec-2024,ClientE,7860298,5308720,800841,31,USD,5.0,1200000,Yes,1750737
06-Dec-2024,ClientF,7835976,3610742,521907,28,USD,4.7,2500000,Yes,3703327
06-Feb-2025,ClientA,8329610,6087275,2115158,31,USD,5.3,100000,Yes,127177
06-Feb-2025,ClientB,4875204,4069061,725844,23,USD,5.1,200000,No,80299
06-Feb-2025,ClientC,6907070,5926668,790982,25,USD,5.3,150000,Yes,189420
06-Feb-2025,ClientD,9734206,6946349,2741873,33,USD,4.8,80000,No,45984
06-Feb-2025,ClientE,8421747,5796574,874436,32,USD,5.1,1200000,Yes,1750737
06-Feb-2025,ClientF,8378765,4084983,590455,29,USD,4.8,2500000,Yes,3703327
06-Jan-2025,ClientA,8040154,5872461,2040517,31,USD,5.3,100000,Yes,127176
06-Jan-2025,ClientB,4702930,3922866,699766,23,USD,5.0,200000,No,80298
06-Jan-2025,ClientC,6653025,5702536,761069,25,USD,5.3,150000,Yes,189420
06-Jan-2025,ClientD,9403450,6709200,2648265,33,USD,4.8,80000,No,45985
06-Jan-2025,ClientE,8128262,5541559,835966,32,USD,5.1,1200000,Yes,1750737
06-Jan-2025,ClientF,8095034,3837084,554623,29,USD,4.8,2500000,Yes,3703327
06-Mar-2025,ClientA,8581311,6274070,2180065,32,USD,5.4,100000,Yes,127176
06-Mar-2025,ClientB,5025007,4196188,748521,24,USD,5.1,200000,No,80298
06-Mar-2025,ClientC,7127978,6121565,816994,26,USD,5.3,150000,Yes,189419
06-Mar-2025,ClientD,10021819,7152564,2823270,34,USD,4.9,80000,No,45985
06-Mar-2025,ClientE,8676951,6018326,907888,33,USD,5.2,1200000,Yes,1750737
06-Mar-2025,ClientF,8625488,4300548,621613,30,USD,4.9,2500000,Yes,3703327
06-May-2025,ClientA,9122468,6675679,2319612,33,USD,5.4,100000,Yes,127177
06-May-2025,ClientB,5347084,4469509,797277,25,USD,5.2,200000,No,80298
06-May-2025,ClientC,7602931,6540594,872918,27,USD,5.4,150000,Yes,189419
06-May-2025,ClientD,10640187,7595927,2998275,35,USD,5.0,80000,No,45985
06-May-2025,ClientE,9225640,6495093,979810,34,USD,5.3,1200000,Yes,1750737
06-May-2025,ClientF,9155941,4764011,688603,31,USD,4.9,2500000,Yes,3703327
06-Nov-2024,ClientA,7498997,5470852,1900969,30,USD,5.2,100000,Yes,127176
06-Nov-2024,ClientB,4380854,3649545,651010,22,USD,4.9,200000,No,80299
06-Nov-2024,ClientC,6178072,5283508,705145,24,USD,5.2,150000,Yes,189419
06-Nov-2024,ClientD,8785082,6265837,2473260,32,USD,4.7,80000,No,45985
06-Nov-2024,ClientE,7579573,5064792,764044,31,USD,5.0,1200000,Yes,1750737
06-Nov-2024,ClientF,7564581,3373621,487633,28,USD,4.7,2500000,Yes,3703327
07-Apr-2025,ClientA,8904994,6543811,2306311,32,USD,5.4,100000,No,54872
07-Apr-2025,ClientB,4798259,3808070,734091,21,USD,4.9,200000,Yes,256098
07-Apr-2025,ClientC,7427765,6024801,1208967,27,USD,4.9,150000,Yes,193997
07-Apr-2025,ClientD,10410673,7680205,2636392,35,USD,5.3,80000,Yes,94076
07-Apr-2025,ClientE,8880531,6285448,920319,32,USD,5.1,1200000,Yes,1674764
07-Apr-2025,ClientF,8395896,5703017,663700,31,USD,5.1,2500000,No,2029179
07-Feb-2025,ClientA,8400439,6170741,2174826,31,USD,5.4,100000,No,54872
07-Feb-2025,ClientB,4510489,3566809,687582,20,USD,4.8,200000,Yes,256098
07-Feb-2025,ClientC,6998070,5666921,1137153,26,USD,4.9,150000,Yes,193996
07-Feb-2025,ClientD,9807603,7231248,2482279,34,USD,5.2,80000,Yes,94076
07-Feb-2025,ClientE,8377158,5846366,856028,31,USD,5.0,1200000,Yes,1674764
07-Feb-2025,ClientF,7877733,5238870,609684,30,USD,5.0,2500000,No,2029179
07-Jan-2025,ClientA,8117396,5961458,2101066,31,USD,5.3,100000,No,54872
07-Jan-2025,ClientB,4349058,3431468,661492,20,USD,4.8,200000,Yes,256098
07-Jan-2025,ClientC,6757022,5466159,1096867,26,USD,4.8,150000,Yes,193996
07-Jan-2025,ClientD,9469296,6979395,2395825,34,USD,5.2,80000,Yes,94076
07-Jan-2025,ClientE,8094779,5600053,819962,31,USD,5.0,1200000,Yes,1674764
07-Jan-2025,ClientF,7587056,4978495,579382,30,USD,4.9,2500000,No,2029179
07-Mar-2025,ClientA,8646563,6352726,2238965,32,USD,5.4,100000,No,54872
07-Mar-2025,ClientB,4650865,3684498,710270,21,USD,4.8,200000,Yes,256097
07-Mar-2025,ClientC,7207677,5841496,1172184,27,USD,4.9,150000,Yes,193997
07-Mar-2025,ClientD,10101784,7450252,2557456,35,USD,5.3,80000,Yes,94076
07-Mar-2025,ClientE,8622706,6060553,887389,32,USD,5.1,1200000,Yes,1674764
07-Mar-2025,ClientF,8130495,5465283,636033,31,USD,5.0,2500000,No,2029179
07-May-2025,ClientA,9175730,6743994,2376864,33,USD,5.5,100000,No,54872
07-May-2025,ClientB,4952672,3937528,759047,22,USD,4.9,200000,Yes,256097
07-May-2025,ClientC,7658332,6216834,1247501,28,USD,5.0,150000,Yes,193997
07-May-2025,ClientD,10734271,7921107,2719087,36,USD,5.4,80000,Yes,94077
07-May-2025,ClientE,9150633,6521053,954816,33,USD,5.2,1200000,Yes,1674764
07-May-2025,ClientF,8673935,5952072,692684,32,USD,5.1,2500000,No,2029179
07-Nov-2024,ClientA,7588228,5570190,1963166,30,USD,5.2,100000,No,54872
07-Nov-2024,ClientB,4047251,3178438,612715,19,USD,4.7,200000,Yes,256098
07-Nov-2024,ClientC,6306367,5090821,1021550,25,USD,4.7,150000,Yes,193996
07-Nov-2024,ClientD,8836809,6508539,2234194,33,USD,5.1,80000,Yes,94076
07-Nov-2024,ClientE,7566851,5139551,752536,30,USD,4.9,1200000,Yes,1674764
07-Nov-2024,ClientF,7043616,4491706,522731,29,USD,4.8,2500000,No,2029179
07-Oct-2024,ClientA,7305185,5360907,1889406,29,USD,5.2,100000,No,54872
07-Oct-2024,ClientB,3885819,3043096,586625,18,USD,4.6,200000,Yes,256098
07-Oct-2024,ClientC,6065319,4890059,981264,24,USD,4.7,150000,Yes,193996
07-Oct-2024,ClientD,8498501,6256685,2147739,32,USD,5.1,80000,Yes,94077
07-Oct-2024,ClientE,7284472,4893238,716470,29,USD,4.9,1200000,Yes,1674764
07-Oct-2024,ClientF,6752939,4231330,492429,28,USD,4.8,2500000,No,2029180
08-Apr-2025,ClientA,8828358,6293416,2395532,29,USD,5.2,100000,Yes,139410
08-Apr-2025,ClientB,5528292,4076074,1174302,22,USD,5.0,200000,Yes,277916
08-Apr-2025,ClientC,7587113,6278906,1228646,27,USD,4.9,150000,No,79561
08-Apr-2025,ClientD,9507098,8008480,1393022,35,USD,5.4,80000,Yes,105596
08-Apr-2025,ClientE,8686870,5631936,1733123,30,USD,5.0,1200000,Yes,1321811
08-Apr-2025,ClientF,8456110,4711228,1012690,33,USD,5.1,2500000,Yes,2732192
08-Jan-2025,ClientA,8025601,5711978,2174213,28,USD,5.1,100000,Yes,139410
08-Jan-2025,ClientB,5033629,3692047,1063665,21,USD,4.9,200000,Yes,277917
08-Jan-2025,ClientC,6868245,5677684,1110999,26,USD,4.8,150000,No,79562
08-Jan-2025,ClientD,8598518,7234524,1258397,34,USD,5.3,80000,Yes,105597
08-Jan-2025,ClientE,7890070,5022637,1545622,29,USD,4.9,1200000,Yes,1321811
08-Jan-2025,ClientF,7659834,4055831,871810,32,USD,5.0,2500000,Yes,2732193
08-May-2025,ClientA,9104305,6493285,2471610,30,USD,5.3,100000,Yes,139410
08-May-2025,ClientB,5698333,4208083,1212334,23,USD,5.0,200000,Yes,277916
08-May-2025,ClientC,7834224,6485576,1269086,28,USD,5.0,150000,No,79562
08-May-2025,ClientD,9819423,8274528,1439299,36,USD,5.5,80000,Yes,105596
08-May-2025,ClientE,8960770,5841383,1797576,31,USD,5.1,1200000,Yes,1321811
08-May-2025,ClientF,8729829,4936520,1061117,34,USD,5.1,2500000,Yes,2732192
08-Nov-2024,ClientA,7486249,5321325,2025514,27,USD,5.0,100000,Yes,139410
08-Nov-2024,ClientB,4701277,3434029,989331,20,USD,4.8,200000,Yes,277917
08-Nov-2024,ClientC,6385255,5273737,1031956,25,USD,4.7,150000,No,79562
08-Nov-2024,ClientD,7988066,6714523,1167947,33,USD,5.2,80000,Yes,105596
08-Nov-2024,ClientE,7354719,4613263,1419645,28,USD,4.8,1200000,Yes,1321811
08-Nov-2024,ClientF,7124837,3615487,777157,31,USD,4.9,2500000,Yes,2732193
08-Oct-2024,ClientA,7197758,5112371,1945978,26,USD,5.0,100000,Yes,139409
08-Oct-2024,ClientB,4523508,3296020,949571,19,USD,4.7,200000,Yes,277917
08-Oct-2024,ClientC,6126912,5057673,989677,24,USD,4.7,150000,No,79562
08-Oct-2024,ClientD,7661545,6436383,1119566,32,USD,5.1,80000,Yes,105596
08-Oct-2024,ClientE,7068369,4394296,1352262,27,USD,4.8,1200000,Yes,1321811
08-Oct-2024,ClientF,6838675,3379954,726529,30,USD,4.8,2500000,Yes,2732192
09-Apr-2025,ClientA,8974181,7746201,1175570,29,USD,5.1,100000,No,52410
09-Apr-2025,ClientB,4880257,4103193,571604,24,USD,5.1,200000,Yes,205460
09-Apr-2025,ClientC,7783136,6466380,1191066,30,USD,5.4,150000,No,125690
09-Apr-2025,ClientD,9897417,8184976,1650165,33,USD,5.4,80000,No,62276
09-Apr-2025,ClientE,8623818,5712607,1219181,30,USD,5.3,1200000,Yes,1692030
09-Apr-2025,ClientF,8434787,6087415,1404442,29,USD,5.1,2500000,No,942930
09-Dec-2024,ClientA,7844986,6765793,1026782,27,USD,4.9,100000,No,52411
09-Dec-2024,ClientB,4256603,3555796,495348,22,USD,4.9,200000,Yes,205459
09-Dec-2024,ClientC,6833999,5664875,1043434,28,USD,5.2,150000,No,125690
09-Dec-2024,ClientD,8610545,7114019,1434251,31,USD,5.3,80000,No,62275
09-Dec-2024,ClientE,7527939,4809474,1026435,28,USD,5.1,1200000,Yes,1692030
09-Dec-2024,ClientF,7369027,5221445,1204652,27,USD,4.9,2500000,No,942930
09-Jan-2025,ClientA,8143509,7024982,1066117,28,USD,4.9,100000,No,52410
09-Jan-2025,ClientB,4421477,3700510,515508,23,USD,5.0,200000,Yes,205459
09-Jan-2025,ClientC,7084920,5876767,1082463,29,USD,5.3,150000,No,125690
09-Jan-2025,ClientD,8950752,7397145,1491331,32,USD,5.3,80000,No,62276
09-Jan-2025,ClientE,7817654,5048233,1077390,29,USD,5.1,1200000,Yes,1692031
09-Jan-2025,ClientF,7650780,5450380,1257471,28,USD,5.0,2500000,No,942929
09-May-2025,ClientA,9259725,7994120,1213194,30,USD,5.1,100000,No,52411
09-May-2025,ClientB,5037963,4241616,590888,25,USD,5.2,200000,Yes,205459
09-May-2025,ClientC,8023148,6669060,1228398,31,USD,5.4,150000,No,125690
09-May-2025,ClientD,10222833,8455793,1704764,34,USD,5.5,80000,No,62276
09-May-2025,ClientE,8900937,5940985,1267921,31,USD,5.3,1200000,Yes,1692031
09-May-2025,ClientF,8704289,6306395,1454964,30,USD,5.2,2500000,No,942930
09-Oct-2024,ClientA,7286877,6281223,953244,26,USD,4.8,100000,No,52410
09-Oct-2024,ClientB,3948359,3285242,457658,21,USD,4.9,200000,Yes,205459
09-Oct-2024,ClientC,6364885,5268729,970466,27,USD,5.1,150000,No,125690
09-Oct-2024,ClientD,7974505,6584695,1327534,30,USD,5.2,80000,No,62276
09-Oct-2024,ClientE,6986298,4363098,931169,27,USD,5.0,1200000,Yes,1692031
09-Oct-2024,ClientF,6842272,4793437,1105906,26,USD,4.9,2500000,No,942929
10-Apr-2025,ClientA,8746649,7378967,1252663,33,USD,5.2,100000,Yes,115019
10-Apr-2025,ClientB,5055208,4129560,763407,22,USD,5.0,200000,No,162241
10-Apr-2025,ClientC,7913468,5708496,2155179,27,USD,4.9,150000,No,49793
10-Apr-2025,ClientD,10421138,9009440,1387610,36,USD,5.1,80000,No,24088
10-Apr-2025,ClientE,8095551,5113384,1557793,29,USD,4.9,1200000,Yes,1424374
10-Apr-2025,ClientF,8441205,4524689,845430,29,USD,5.0,2500000,Yes,3071086
10-Dec-2024,ClientA,7672029,6460301,1096709,31,USD,5.0,100000,Yes,115019
10-Dec-2024,ClientB,4399700,3576325,661133,20,USD,4.8,200000,No,162242
10-Dec-2024,ClientC,6947379,5007181,1890405,25,USD,4.7,150000,No,49793
10-Dec-2024,ClientD,9164265,7920312,1219865,34,USD,4.9,80000,No,24088
10-Dec-2024,ClientE,7031442,4297756,1309312,27,USD,4.7,1200000,Yes,1424374
10-Dec-2024,ClientF,7352717,3607564,674067,27,USD,4.8,2500000,Yes,3071086
10-Feb-2025,ClientA,8215515,6924914,1175583,32,USD,5.1,100000,Yes,115018
10-Feb-2025,ClientB,4731221,3856122,712858,21,USD,4.9,200000,No,162241
10-Feb-2025,ClientC,7435976,5361869,2024314,26,USD,4.8,150000,No,49793
10-Feb-2025,ClientD,9799925,8471136,1304702,35,USD,5.0,80000,No,24087
10-Feb-2025,ClientE,7569612,4710257,1434981,28,USD,4.8,1200000,Yes,1424374
10-Feb-2025,ClientF,7903217,4071397,760734,28,USD,4.9,2500000,Yes,3071086
10-Jan-2025,ClientA,7956124,6703167,1137939,32,USD,5.1,100000,Yes,115018
10-Jan-2025,ClientB,4572995,3722582,688171,21,USD,4.9,200000,No,162242
10-Jan-2025,ClientC,7202782,5192586,1960403,26,USD,4.8,150000,No,49793
10-Jan-2025,ClientD,9496542,8208243,1264212,35,USD,5.0,80000,No,24087
10-Jan-2025,ClientE,7312758,4513381,1375003,28,USD,4.8,1200000,Yes,1424374
10-Jan-2025,ClientF,7640478,3850022,719370,28,USD,4.9,2500000,Yes,3071086
10-Mar-2025,ClientA,8462554,7136101,1211434,33,USD,5.2,100000,Yes,115019
10-Mar-2025,ClientB,4881913,3983302,736369,22,USD,4.9,200000,No,162242
10-Mar-2025,ClientC,7658065,5523091,2085181,27,USD,4.9,150000,No,49793
10-Mar-2025,ClientD,10088861,8721510,1343264,36,USD,5.1,80000,No,24087
10-Mar-2025,ClientE,7814235,4897758,1492103,29,USD,4.9,1200000,Yes,1424374
10-Mar-2025,ClientF,8153444,4282231,800127,29,USD,4.9,2500000,Yes,3071086
10-Oct-2024,ClientA,7140895,6006248,1019629,30,USD,5.0,100000,Yes,115018
10-Oct-2024,ClientB,4075713,3302887,610585,19,USD,4.7,200000,No,162241
10-Oct-2024,ClientC,6469886,4660553,1759540,24,USD,4.6,150000,No,49793
10-Oct-2024,ClientD,8543052,7382007,1136957,33,USD,4.8,80000,No,24088
10-Oct-2024,ClientE,6505503,3894629,1186500,26,USD,4.6,1200000,Yes,1424374
10-Oct-2024,ClientF,6814729,3154273,589370,26,USD,4.7,2500000,Yes,3071086
11-Apr-2025,ClientA,8843917,6453871,2242040,30,USD,5.4,100000,Yes,148006
11-Apr-2025,ClientB,5135879,3664269,1248203,22,USD,5.3,200000,Yes,223407
11-Apr-2025,ClientC,7472606,6379450,889708,27,USD,5.2,150000,Yes,203448
11-Apr-2025,ClientD,10165607,8848725,1250162,35,USD,4.9,80000,No,66720
11-Apr-2025,ClientE,8839107,6033062,2335271,32,USD,5.2,1200000,No,470774
11-Apr-2025,ClientF,8544533,4821133,595945,30,USD,5.3,2500000,Yes,3127455
11-Dec-2024,ClientA,7766244,5654051,1964187,28,USD,5.2,100000,Yes,148006
11-Dec-2024,ClientB,4469708,3167364,1078936,20,USD,5.2,200000,Yes,223408
11-Dec-2024,ClientC,6548835,5568744,776643,25,USD,5.1,150000,Yes,203448
11-Dec-2024,ClientD,8890105,7731120,1092265,33,USD,4.7,80000,No,66720
11-Dec-2024,ClientE,7705178,5215568,2018836,30,USD,5.0,1200000,No,470774
11-Dec-2024,ClientF,7439581,3837739,474386,28,USD,5.1,2500000,Yes,3127456
11-Feb-2025,ClientA,8311274,6058558,2104711,29,USD,5.3,100000,Yes,148005
11-Feb-2025,ClientB,4806622,3418672,1164542,21,USD,5.2,200000,Yes,223408
11-Feb-2025,ClientC,7016030,5978757,833826,26,USD,5.2,150000,Yes,203447
11-Feb-2025,ClientD,9535187,8296346,1172121,34,USD,4.8,80000,No,66720
11-Feb-2025,ClientE,8278659,5629013,2178872,31,USD,5.1,1200000,No,470774
11-Feb-2025,ClientF,7998407,4335088,535864,29,USD,5.2,2500000,Yes,3127455
11-Mar-2025,ClientA,8559015,6242424,2168585,30,USD,5.3,100000,Yes,148006
11-Mar-2025,ClientB,4959765,3532904,1203454,22,USD,5.3,200000,Yes,223407
11-Mar-2025,ClientC,7228391,6165126,859818,27,USD,5.2,150000,Yes,203447
11-Mar-2025,ClientD,9828406,8553267,1208420,35,USD,4.8,80000,No,66719
11-Mar-2025,ClientE,8539332,5816942,2251616,32,USD,5.1,1200000,No,470774
11-Mar-2025,ClientF,8252419,4561155,563809,30,USD,5.3,2500000,Yes,3127455
11-Nov-2024,ClientA,7493729,5451798,1893926,28,USD,5.1,100000,Yes,148005
11-Nov-2024,ClientB,4301251,3041710,1036133,20,USD,5.1,200000,Yes,223408
11-Nov-2024,ClientC,6315238,5363738,748052,25,USD,5.0,150000,Yes,203448
11-Nov-2024,ClientD,8567564,7448507,1052337,33,USD,4.7,80000,No,66720
11-Nov-2024,ClientE,7418437,5008845,1938818,30,USD,4.9,1200000,No,470774
11-Nov-2024,ClientF,7160167,3589064,443647,28,USD,5.1,2500000,Yes,3127456
11-Oct-2024,ClientA,7233600,5258737,1826857,27,USD,5.1,100000,Yes,148006
11-Oct-2024,ClientB,4140451,2921768,995276,19,USD,5.1,200000,Yes,223407
11-Oct-2024,ClientC,6092259,5168050,720761,24,USD,5.0,150000,Yes,203448
11-Oct-2024,ClientD,8259684,7178740,1014224,32,USD,4.6,80000,No,66720
11-Oct-2024,ClientE,7144730,4811519,1862438,29,USD,4.9,1200000,No,470773
11-Oct-2024,ClientF,6893454,3351693,414306,27,USD,5.1,2500000,Yes,3127455
12-Dec-2024,ClientA,7388712,5316676,2014758,31,USD,4.8,100000,No,57278
12-Dec-2024,ClientB,4709943,3791199,787086,21,USD,4.8,200000,No,131658
12-Dec-2024,ClientC,6492729,5465958,855375,27,USD,5.1,150000,Yes,171396
12-Dec-2024,ClientD,9109521,6643617,2367786,31,USD,5.2,80000,Yes,98118
12-Dec-2024,ClientE,8081573,5523112,1501205,27,USD,4.8,1200000,No,1057256
12-Dec-2024,ClientF,7686766,3768157,1115962,27,USD,5.3,2500000,Yes,2802647
12-Feb-2025,ClientA,7952206,5725315,2169612,32,USD,4.9,100000,No,57279
12-Feb-2025,ClientB,5039363,4063986,843719,22,USD,4.9,200000,No,131658
12-Feb-2025,ClientC,6981054,5888205,921453,28,USD,5.2,150000,Yes,171396
12-Feb-2025,ClientD,9751288,7116757,2536413,32,USD,5.3,80000,Yes,98118
12-Feb-2025,ClientE,8653143,5972528,1623358,28,USD,4.9,1200000,No,1057257
12-Feb-2025,ClientF,8252313,4204483,1245182,28,USD,5.4,2500000,Yes,2802648
12-Mar-2025,ClientA,8208339,5911060,2240000,33,USD,4.9,100000,No,57279
12-Mar-2025,ClientB,5189099,4187979,869461,23,USD,4.9,200000,No,131659
12-Mar-2025,ClientC,7203020,6080136,951489,29,USD,5.2,150000,Yes,171395
12-Mar-2025,ClientD,10043000,7331820,2613061,33,USD,5.4,80000,Yes,98119
12-Mar-2025,ClientE,8912948,6176809,1678882,29,USD,4.9,1200000,No,1057257
12-Mar-2025,ClientF,8509380,4402813,1303919,29,USD,5.4,2500000,Yes,2802648
12-May-2025,ClientA,8759027,6310413,2391335,34,USD,5.0,100000,No,57279
12-May-2025,ClientB,5511032,4454567,924807,24,USD,5.0,200000,No,131658
12-May-2025,ClientC,7680247,6492786,1016065,30,USD,5.3,150000,Yes,171396
12-May-2025,ClientD,10670181,7794206,2777856,34,USD,5.5,80000,Yes,98119
12-May-2025,ClientE,9471528,6616012,1798259,30,USD,5.0,1200000,No,1057257
12-May-2025,ClientF,9062074,4829224,1430203,30,USD,5.5,2500000,Yes,2802647
12-Nov-2024,ClientA,7106965,5112356,1937331,31,USD,4.7,100000,No,57278
12-Nov-2024,ClientB,4545233,3654805,758770,21,USD,4.8,200000,No,131658
12-Nov-2024,ClientC,6248567,5254835,822336,27,USD,5.0,150000,Yes,171396
12-Nov-2024,ClientD,8788638,6407047,2283472,31,USD,5.2,80000,Yes,98119
12-Nov-2024,ClientE,7795788,5298403,1440128,27,USD,4.7,1200000,No,1057257
12-Nov-2024,ClientF,7403992,3549993,1051351,27,USD,5.3,2500000,Yes,2802648
13-Dec-2024,ClientA,7956090,5930549,1956147,30,USD,5.2,100000,No,69394
13-Dec-2024,ClientB,4532750,3369030,917629,18,USD,5.1,200000,Yes,246091
13-Dec-2024,ClientC,6396125,5367192,946576,28,USD,5.2,150000,No,82357
13-Dec-2024,ClientD,8935466,6930628,1935209,34,USD,5.1,80000,No,69629
13-Dec-2024,ClientE,7548353,6071443,1078046,30,USD,4.9,1200000,No,398864
13-Dec-2024,ClientF,7495989,4024601,920131,28,USD,5.1,2500000,Yes,2551257
13-Feb-2025,ClientA,8531764,6363438,2098932,31,USD,5.3,100000,No,69394
13-Feb-2025,ClientB,4848901,3617504,985306,19,USD,5.2,200000,Yes,246091
13-Feb-2025,ClientC,6869890,5769929,1017604,29,USD,5.3,150000,No,82357
13-Feb-2025,ClientD,9555267,7415141,2070497,35,USD,5.2,80000,No,69629
13-Feb-2025,ClientE,8116259,6553717,1163678,31,USD,5.0,1200000,No,398864
13-Feb-2025,ClientF,8038814,4466415,1021141,29,USD,5.2,2500000,Yes,2551258
13-Jan-2025,ClientA,8230843,6137155,2024294,31,USD,5.3,100000,No,69394
13-Jan-2025,ClientB,4683640,3487620,949929,19,USD,5.2,200000,Yes,246091
13-Jan-2025,ClientC,6622240,5559407,980476,29,USD,5.2,150000,No,82357
13-Jan-2025,ClientD,9231280,7161873,1999779,35,USD,5.1,80000,No,69628
13-Jan-2025,ClientE,7819399,6301619,1118916,31,USD,5.0,1200000,No,398864
13-Jan-2025,ClientF,7755065,4235467,968340,29,USD,5.2,2500000,Yes,2551258
13-Mar-2025,ClientA,8793434,6560206,2163835,32,USD,5.3,100000,No,69393
13-Mar-2025,ClientB,4992606,3730446,1016068,20,USD,5.3,200000,Yes,246092
13-Mar-2025,ClientC,7085238,5952991,1049890,30,USD,5.3,150000,No,82357
13-Mar-2025,ClientD,9836995,7635374,2131992,36,USD,5.2,80000,No,69629
13-Mar-2025,ClientE,8374399,6772933,1202602,32,USD,5.1,1200000,No,398864
13-Mar-2025,ClientF,8285553,4667240,1067055,30,USD,5.2,2500000,Yes,2551258
13-May-2025,ClientA,9356025,6983257,2303375,33,USD,5.4,100000,No,69393
13-May-2025,ClientB,5301573,3973274,1082208,21,USD,5.4,200000,Yes,246091
13-May-2025,ClientC,7548236,6346575,1119304,31,USD,5.4,150000,No,82357
13-May-2025,ClientD,10442711,8108876,2264206,37,USD,5.3,80000,No,69629
13-May-2025,ClientE,8929398,7244245,1286288,33,USD,5.1,1200000,No,398865
13-May-2025,ClientF,8816041,5099013,1165770,31,USD,5.3,2500000,Yes,2551258
13-Nov-2024,ClientA,7668253,5714105,1884755,30,USD,5.2,100000,No,69393
13-Nov-2024,ClientB,4374674,3244793,883790,18,USD,5.1,200000,Yes,246091
13-Nov-2024,ClientC,6159242,5165823,911062,28,USD,5.2,150000,No,82357
13-Nov-2024,ClientD,8625565,6688371,1867565,34,USD,5.0,80000,No,69629
13-Nov-2024,ClientE,7264400,5830306,1035229,30,USD,4.9,1200000,No,398865
13-Nov-2024,ClientF,7224577,3803694,869626,28,USD,5.1,2500000,Yes,2551257
14-Apr-2025,ClientA,8766285,6850745,1825822,33,USD,5.5,100000,No,89718
14-Apr-2025,ClientB,4630939,3163002,1253468,23,USD,5.4,200000,Yes,214469
14-Apr-2025,ClientC,7922802,6339597,1426115,29,USD,5.1,150000,Yes,157090
14-Apr-2025,ClientD,10555580,9275438,1231803,34,USD,4.9,80000,No,48339
14-Apr-2025,ClientE,8354563,4850379,1940777,30,USD,5.2,1200000,Yes,1563407
14-Apr-2025,ClientF,8578475,6478873,942820,30,USD,5.0,2500000,No,1156782
14-Feb-2025,ClientA,8240664,6435731,1715215,32,USD,5.4,100000,No,89718
14-Feb-2025,ClientB,4344926,2958164,1172293,22,USD,5.3,200000,Yes,214469
14-Feb-2025,ClientC,7475586,5974509,1343987,28,USD,5.0,150000,Yes,157090
14-Feb-2025,ClientD,9947177,8738360,1160478,33,USD,4.8,80000,No,48339
14-Feb-2025,ClientE,7852412,4491733,1797272,29,USD,5.1,1200000,Yes,1563407
14-Feb-2025,ClientF,8070995,6035861,878352,29,USD,4.9,2500000,No,1156782
14-Jan-2025,ClientA,7945803,6202918,1653167,32,USD,5.3,100000,No,89718
14-Jan-2025,ClientB,4184479,2843255,1126755,22,USD,5.3,200000,Yes,214469
14-Jan-2025,ClientC,7224708,5769703,1297915,28,USD,5.0,150000,Yes,157090
14-Jan-2025,ClientD,9605878,8437073,1120466,33,USD,4.8,80000,No,48339
14-Jan-2025,ClientE,7570717,4290540,1716770,29,USD,5.1,1200000,Yes,1563407
14-Jan-2025,ClientF,7786312,5787343,842187,29,USD,4.9,2500000,No,1156782
14-Mar-2025,ClientA,8497065,6638178,1769170,33,USD,5.4,100000,No,89717
14-Mar-2025,ClientB,4484444,3058085,1211890,23,USD,5.4,200000,Yes,214469
14-Mar-2025,ClientC,7693740,6152601,1384050,29,USD,5.1,150000,Yes,157089
14-Mar-2025,ClientD,10243959,9000349,1195271,34,USD,4.9,80000,No,48339
14-Mar-2025,ClientE,8097364,4666682,1867275,30,USD,5.2,1200000,Yes,1563407
14-Mar-2025,ClientF,8318546,6251964,909800,30,USD,5.0,2500000,No,1156782
14-May-2025,ClientA,9048326,7073436,1885172,34,USD,5.5,100000,No,89718
14-May-2025,ClientB,4784410,3272915,1297026,24,USD,5.5,200000,Yes,214469
14-May-2025,ClientC,8162772,6535499,1470184,30,USD,5.2,150000,Yes,157089
14-May-2025,ClientD,10882040,9563626,1270075,35,USD,5.0,80000,No,48339
14-May-2025,ClientE,8624011,5042824,2017780,31,USD,5.3,1200000,Yes,1563407
14-May-2025,ClientF,8850781,6716587,977412,31,USD,5.0,2500000,No,1156782
14-Nov-2024,ClientA,7394541,5767659,1537164,31,USD,5.2,100000,No,89718
14-Nov-2024,ClientB,3884514,2628425,1041620,21,USD,5.2,200000,Yes,214469
14-Nov-2024,ClientC,6755676,5386805,1211781,27,USD,4.9,150000,Yes,157090
14-Nov-2024,ClientD,8967797,7873797,1045661,32,USD,4.7,80000,No,48339
14-Nov-2024,ClientE,7044070,3914399,1566264,28,USD,5.0,1200000,Yes,1563407
14-Nov-2024,ClientF,7254077,5322721,774574,28,USD,4.8,2500000,No,1156782
14-Oct-2024,ClientA,7099680,5534846,1475116,30,USD,5.2,100000,No,89718
14-Oct-2024,ClientB,3724067,2513515,996083,20,USD,5.2,200000,Yes,214469
14-Oct-2024,ClientC,6504798,5181999,1165709,26,USD,4.9,150000,Yes,157090
14-Oct-2024,ClientD,8626498,7572509,1005650,31,USD,4.7,80000,No,48339
14-Oct-2024,ClientE,6762376,3713207,1485762,27,USD,5.0,1200000,Yes,1563407
14-Oct-2024,ClientF,6969393,5074202,738409,27,USD,4.7,2500000,No,1156782
15-Apr-2025,ClientA,8721567,6580448,2080671,31,USD,5.4,100000,No,60448
15-Apr-2025,ClientB,5068721,3966205,929652,23,USD,5.5,200000,No,172864
15-Apr-2025,ClientC,8029702,6638227,1339132,29,USD,5.3,150000,No,52343
15-Apr-2025,ClientD,10067786,8261798,1691051,33,USD,5.2,80000,Yes,114937
15-Apr-2025,ClientE,9225470,6345293,1573213,33,USD,5.2,1200000,Yes,1306964
15-Apr-2025,ClientF,8325293,3742208,1577287,32,USD,5.1,2500000,Yes,3005798
15-Jan-2025,ClientA,7915856,5968294,1887114,30,USD,5.2,100000,No,60448
15-Jan-2025,ClientB,4581749,3571702,837184,22,USD,5.3,200000,No,172863
15-Jan-2025,ClientC,7308183,6037827,1218013,28,USD,5.1,150000,No,52343
15-Jan-2025,ClientD,9146511,7497053,1534521,32,USD,5.1,80000,Yes,114937
15-Jan-2025,ClientE,8403698,5686787,1409947,32,USD,5.1,1200000,Yes,1306964
15-Jan-2025,ClientF,7528872,3181934,1341140,31,USD,5.0,2500000,Yes,3005798
15-May-2025,ClientA,8998530,6790876,2147206,32,USD,5.4,100000,No,60448
15-May-2025,ClientB,5236117,4101815,961439,24,USD,5.5,200000,No,172863
15-May-2025,ClientC,8277725,6844615,1380767,30,USD,5.3,150000,No,52343
15-May-2025,ClientD,10384474,8524679,1744858,34,USD,5.3,80000,Yes,114937
15-May-2025,ClientE,9507954,6571654,1629336,34,USD,5.3,1200000,Yes,1306964
15-May-2025,ClientF,8599063,3934802,1658463,33,USD,5.1,2500000,Yes,3005798
15-Nov-2024,ClientA,7374519,5557003,1757068,29,USD,5.2,100000,No,60448
15-Nov-2024,ClientB,4254566,3306646,775056,21,USD,5.3,200000,No,172864
15-Nov-2024,ClientC,6823412,5634433,1136636,27,USD,5.0,150000,No,52343
15-Nov-2024,ClientD,8527529,6983240,1429352,31,USD,5.0,80000,Yes,114937
15-Nov-2024,ClientE,7851569,5244352,1300252,31,USD,5.0,1200000,Yes,1306965
15-Nov-2024,ClientF,6993776,2805500,1182478,30,USD,4.9,2500000,Yes,3005798
15-Oct-2024,ClientA,7084967,5337011,1687508,28,USD,5.1,100000,No,60448
15-Oct-2024,ClientB,4079560,3164871,741825,20,USD,5.2,200000,No,172864
15-Oct-2024,ClientC,6564116,5418664,1093109,26,USD,5.0,150000,No,52343
15-Oct-2024,ClientD,8196446,6708410,1373099,30,USD,5.0,80000,Yes,114937
15-Oct-2024,ClientE,7556245,5007702,1241579,30,USD,5.0,1200000,Yes,1306964
15-Oct-2024,ClientF,6707563,2604152,1097613,29,USD,4.8,2500000,Yes,3005798
16-Apr-2025,ClientA,8503459,6083833,2271093,29,USD,5.0,100000,Yes,148533
16-Apr-2025,ClientB,4834105,3778995,886674,23,USD,5.5,200000,No,168436
16-Apr-2025,ClientC,8253107,7000587,1063196,30,USD,5.3,150000,Yes,189324
16-Apr-2025,ClientD,9803738,7487618,2226867,35,USD,5.3,80000,Yes,89253
16-Apr-2025,ClientE,8838653,7096108,862256,33,USD,5.1,1200000,No,880289
16-Apr-2025,ClientF,8771949,5939583,1137621,29,USD,5.1,2500000,No,1694745
16-Dec-2024,ClientA,7392997,5275224,1969239,27,USD,4.8,100000,Yes,148534
16-Dec-2024,ClientB,4202927,3267768,766724,21,USD,5.3,200000,No,168435
16-Dec-2024,ClientC,7271931,6148778,933830,28,USD,5.1,150000,Yes,189323
16-Dec-2024,ClientD,8539498,6513182,1937063,33,USD,5.1,80000,Yes,89253
16-Dec-2024,ClientE,7728110,6105887,741933,31,USD,4.9,1200000,No,880290
16-Dec-2024,ClientF,7700838,5040647,965446,27,USD,4.9,2500000,No,1694745
16-Jan-2025,ClientA,7686568,5488994,2049040,28,USD,4.9,100000,Yes,148534
16-Jan-2025,ClientB,4369790,3402920,798435,22,USD,5.3,200000,No,168435
16-Jan-2025,ClientC,7531322,6373969,968030,29,USD,5.2,150000,Yes,189323
16-Jan-2025,ClientD,8873722,6770791,2013678,34,USD,5.1,80000,Yes,89253
16-Jan-2025,ClientE,8021702,6367670,773743,32,USD,5.0,1200000,No,880289
16-Jan-2025,ClientF,7984005,5278297,1010964,28,USD,4.9,2500000,No,1694744
16-May-2025,ClientA,8784265,6288308,2347423,30,USD,5.0,100000,Yes,148534
16-May-2025,ClientB,4993714,3908272,917007,24,USD,5.5,200000,No,168435
16-May-2025,ClientC,8501221,7215988,1095910,31,USD,5.3,150000,Yes,189323
16-May-2025,ClientD,10123431,7734027,2300151,36,USD,5.3,80000,Yes,89253
16-May-2025,ClientE,9119480,7346508,892682,34,USD,5.2,1200000,No,880290
16-May-2025,ClientF,9042804,6166900,1181160,30,USD,5.1,2500000,No,1694744
16-Oct-2024,ClientA,6844148,4875567,1820048,26,USD,4.7,100000,Yes,148533
16-Oct-2024,ClientB,3890965,3015092,707438,20,USD,5.2,200000,No,168435
16-Oct-2024,ClientC,6786981,5727768,869890,27,USD,5.0,150000,Yes,189323
16-Oct-2024,ClientD,7914644,6031564,1793827,32,USD,5.0,80000,Yes,89253
16-Oct-2024,ClientE,7179221,5616468,682463,30,USD,4.8,1200000,No,880290
16-Oct-2024,ClientF,7171438,4596345,880348,26,USD,4.8,2500000,No,1694745
17-Apr-2025,ClientA,9127523,7978852,1065848,32,USD,5.0,100000,No,82823
17-Apr-2025,ClientB,4988326,4089417,813668,21,USD,5.4,200000,No,85241
17-Apr-2025,ClientC,7865279,5776142,1918882,28,USD,5.4,150000,Yes,170255
17-Apr-2025,ClientD,10329280,7631991,2607436,34,USD,5.3,80000,Yes,89853
17-Apr-2025,ClientE,8957147,7339402,1003483,31,USD,5.3,1200000,No,614262
17-Apr-2025,ClientF,8460942,4849954,1639189,29,USD,5.5,2500000,No,1971799
17-Dec-2024,ClientA,8033766,7013986,936957,30,USD,4.9,100000,No,82823
17-Dec-2024,ClientB,4375802,3578541,712019,19,USD,5.2,200000,No,85242
17-Dec-2024,ClientC,6882369,5038337,1673777,26,USD,5.3,150000,Yes,170255
17-Dec-2024,ClientD,9095355,6712281,2293221,32,USD,5.2,80000,Yes,89853
17-Dec-2024,ClientE,7848187,6363827,870097,29,USD,5.2,1200000,No,614263
17-Dec-2024,ClientF,7363357,4029624,1361934,27,USD,5.3,2500000,No,1971799
17-Feb-2025,ClientA,8586931,7501964,1002143,31,USD,4.9,100000,No,82824
17-Feb-2025,ClientB,4685584,3836915,763428,20,USD,5.3,200000,No,85241
17-Feb-2025,ClientC,7379473,5411480,1797738,27,USD,5.3,150000,Yes,170255
17-Feb-2025,ClientD,9719409,7177422,2452134,33,USD,5.3,80000,Yes,89853
17-Feb-2025,ClientE,8409041,6857222,937557,30,USD,5.3,1200000,No,614262
17-Feb-2025,ClientF,7918457,4444504,1502154,28,USD,5.4,2500000,No,1971799
17-Jan-2025,ClientA,8322920,7269065,971031,31,USD,4.9,100000,No,82824
17-Jan-2025,ClientB,4537734,3713601,738892,20,USD,5.3,200000,No,85241
17-Jan-2025,ClientC,7142219,5233389,1738575,27,USD,5.3,150000,Yes,170255
17-Jan-2025,ClientD,9421565,6955423,2376289,33,USD,5.2,80000,Yes,89853
17-Jan-2025,ClientE,8141361,6621738,905360,30,USD,5.2,1200000,No,614263
17-Jan-2025,ClientF,7653523,4246493,1435231,28,USD,5.3,2500000,No,1971799
17-Mar-2025,ClientA,8838369,7723772,1031773,32,USD,5.0,100000,No,82824
17-Mar-2025,ClientB,4826395,3954358,786795,21,USD,5.4,200000,No,85242
17-Mar-2025,ClientC,7605429,5581090,1854084,28,USD,5.4,150000,Yes,170255
17-Mar-2025,ClientD,10003070,7388849,2524368,34,USD,5.3,80000,Yes,89853
17-Mar-2025,ClientE,8663974,7081491,968220,31,USD,5.3,1200000,No,614263
17-Mar-2025,ClientF,8170775,4633085,1565891,29,USD,5.4,2500000,No,1971799
17-Oct-2024,ClientA,7493174,6537098,873252,29,USD,4.8,100000,No,82824
17-Oct-2024,ClientB,4073060,3326039,661779,18,USD,5.1,200000,No,85242
17-Oct-2024,ClientC,6396563,4673675,1552633,25,USD,5.2,150000,Yes,170255
17-Oct-2024,ClientD,8485484,6257711,2137920,31,USD,5.1,80000,Yes,89853
17-Oct-2024,ClientE,7300080,5881647,804171,28,USD,5.1,1200000,No,614262
17-Oct-2024,ClientF,6820872,3624174,1224899,26,USD,5.2,2500000,No,1971799
18-Apr-2025,ClientA,9438877,7245432,2087898,30,USD,5.0,100000,Yes,105547
18-Apr-2025,ClientB,5155509,3537730,1365847,23,USD,5.1,200000,Yes,251932
18-Apr-2025,ClientC,7537218,6221979,1097795,30,USD,5.1,150000,Yes,217444
18-Apr-2025,ClientD,9538579,7552700,1900256,33,USD,5.5,80000,Yes,85623
18-Apr-2025,ClientE,8838211,5862709,1582118,33,USD,4.9,1200000,Yes,1393384
18-Apr-2025,ClientF,8438079,4601300,868950,31,USD,5.5,2500000,Yes,2967829
18-Dec-2024,ClientA,8314824,6372834,1836444,28,USD,4.9,100000,Yes,105546
18-Dec-2024,ClientB,4540029,3093686,1194411,21,USD,4.9,200000,Yes,251932
18-Dec-2024,ClientC,6586256,5413639,955173,28,USD,4.9,150000,Yes,217444
18-Dec-2024,ClientD,8311305,6572136,1653547,31,USD,5.3,80000,Yes,85622
18-Dec-2024,ClientE,7757913,5011988,1352541,31,USD,4.7,1200000,Yes,1393384
18-Dec-2024,ClientF,7374567,3706727,700011,29,USD,5.3,2500000,Yes,2967829
18-Feb-2025,ClientA,8883311,6814148,1963616,29,USD,5.0,100000,Yes,105547
18-Feb-2025,ClientB,4851306,3318260,1281114,22,USD,5.0,200000,Yes,251932
18-Feb-2025,ClientC,7067202,5822454,1027304,29,USD,5.0,150000,Yes,217444
18-Feb-2025,ClientD,8931995,7068053,1778319,32,USD,5.4,80000,Yes,85623
18-Feb-2025,ClientE,8304271,5442238,1468649,32,USD,4.8,1200000,Yes,1393384
18-Feb-2025,ClientF,7912435,4159154,785452,30,USD,5.4,2500000,Yes,2967829
18-Mar-2025,ClientA,9141714,7014746,2021422,30,USD,5.0,100000,Yes,105546
18-Mar-2025,ClientB,4992796,3420339,1320525,23,USD,5.0,200000,Yes,251932
18-Mar-2025,ClientC,7285814,6008279,1060091,30,USD,5.1,150000,Yes,217444
18-Mar-2025,ClientD,9214127,7293470,1835034,33,USD,5.4,80000,Yes,85623
18-Mar-2025,ClientE,8552615,5637806,1521425,33,USD,4.9,1200000,Yes,1393384
18-Mar-2025,ClientF,8156921,4364804,824288,31,USD,5.4,2500000,Yes,2967829
18-Nov-2024,ClientA,8030581,6152177,1772858,28,USD,4.8,100000,Yes,105546
18-Nov-2024,ClientB,4384391,2981400,1151059,21,USD,4.9,200000,Yes,251932
18-Nov-2024,ClientC,6345782,5209230,919108,28,USD,4.9,150000,Yes,217444
18-Nov-2024,ClientD,8000960,6324177,1591160,31,USD,5.2,80000,Yes,85623
18-Nov-2024,ClientE,7484734,4796862,1294487,31,USD,4.7,1200000,Yes,1393385
18-Nov-2024,ClientF,7105633,3480513,657291,29,USD,5.3,2500000,Yes,2967829
18-Oct-2024,ClientA,7759258,5941550,1712162,27,USD,4.8,100000,Yes,105546
18-Oct-2024,ClientB,4235827,2874217,1109678,20,USD,4.8,200000,Yes,251932
18-Oct-2024,ClientC,6116240,5014114,884682,27,USD,4.8,150000,Yes,217444
18-Oct-2024,ClientD,7704721,6087489,1531610,30,USD,5.2,80000,Yes,85622
18-Oct-2024,ClientE,7223972,4591516,1239072,30,USD,4.6,1200000,Yes,1393384
18-Oct-2024,ClientF,6848923,3264581,616513,28,USD,5.2,2500000,Yes,2967829
19-Dec-2024,ClientA,8326536,6868409,1344163,27,USD,4.9,100000,Yes,113964
19-Dec-2024,ClientB,4441512,3487284,716293,20,USD,4.7,200000,Yes,237935
19-Dec-2024,ClientC,6973203,5760529,1022730,26,USD,5.2,150000,Yes,189944
19-Dec-2024,ClientD,8201929,6194852,1973870,32,USD,5.0,80000,No,33207
19-Dec-2024,ClientE,8399522,5282957,1377209,27,USD,4.7,1200000,Yes,1739356
19-Dec-2024,ClientF,7967350,5253098,764235,30,USD,5.2,2500000,No,1950017
19-Feb-2025,ClientA,8898479,7346741,1437773,28,USD,5.0,100000,Yes,113965
19-Feb-2025,ClientB,4777115,3765700,773480,21,USD,4.8,200000,Yes,237935
19-Feb-2025,ClientC,7468338,6181011,1097382,27,USD,5.3,150000,Yes,189945
19-Feb-2025,ClientD,8820539,6663982,2123350,33,USD,5.1,80000,No,33207
19-Feb-2025,ClientE,8969097,5734753,1494988,28,USD,4.8,1200000,Yes,1739356
19-Feb-2025,ClientF,8529695,5744022,835656,31,USD,5.3,2500000,No,1950017
19-Mar-2025,ClientA,9158452,7564164,1480324,29,USD,5.1,100000,Yes,113964
19-Mar-2025,ClientB,4929662,3892253,799474,22,USD,4.9,200000,Yes,237935
19-Mar-2025,ClientC,7693400,6372140,1131316,28,USD,5.3,150000,Yes,189944
19-Mar-2025,ClientD,9101726,6877224,2191295,34,USD,5.1,80000,No,33207
19-Mar-2025,ClientE,9227994,5940115,1548523,29,USD,4.9,1200000,Yes,1739356
19-Mar-2025,ClientF,8785307,5967169,868120,32,USD,5.3,2500000,No,1950018
19-May-2025,ClientA,9717396,8031625,1571807,30,USD,5.2,100000,Yes,113964
19-May-2025,ClientB,5257639,4164342,855361,23,USD,5.0,200000,Yes,237936
19-May-2025,ClientC,8177282,6783066,1204272,29,USD,5.4,150000,Yes,189944
19-May-2025,ClientD,9706277,7335693,2337378,35,USD,5.2,80000,No,33206
19-May-2025,ClientE,9784624,6381643,1663625,30,USD,4.9,1200000,Yes,1739356
19-May-2025,ClientF,9334871,6446936,937918,33,USD,5.4,2500000,No,1950017
19-Nov-2024,ClientA,8040564,6629243,1297357,27,USD,4.9,100000,Yes,113964
19-Nov-2024,ClientB,4273710,3348076,687699,20,USD,4.7,200000,Yes,237935
19-Nov-2024,ClientC,6725636,5550288,985403,26,USD,5.1,150000,Yes,189945
19-Nov-2024,ClientD,7892623,5960286,1899131,32,USD,5.0,80000,No,33206
19-Nov-2024,ClientE,8114735,5057059,1318320,27,USD,4.7,1200000,Yes,1739356
19-Nov-2024,ClientF,7686177,5007635,728524,30,USD,5.2,2500000,No,1950018
20-Dec-2024,ClientA,8458128,6231043,2097319,28,USD,5.2,100000,Yes,129766
20-Dec-2024,ClientB,4158162,3472314,484406,21,USD,5.0,200000,Yes,201442
20-Dec-2024,ClientC,6877987,4855030,1835637,26,USD,5.0,150000,Yes,187320
20-Dec-2024,ClientD,9426431,8085722,1224750,30,USD,5.2,80000,Yes,115959
20-Dec-2024,ClientE,7730217,5740405,1451929,31,USD,5.0,1200000,No,537883
20-Dec-2024,ClientF,8471480,5356566,1896505,29,USD,4.9,2500000,No,1218409
20-Feb-2025,ClientA,9032196,6660544,2241885,29,USD,5.3,100000,Yes,129767
20-Feb-2025,ClientB,4472095,3747813,522840,22,USD,5.1,200000,Yes,201442
20-Feb-2025,ClientC,7373966,5214933,1971712,27,USD,5.1,150000,Yes,187321
20-Feb-2025,ClientD,10077892,8651486,1310446,31,USD,5.2,80000,Yes,115960
20-Feb-2025,ClientE,8286186,6184139,1564163,32,USD,5.1,1200000,No,537884
20-Feb-2025,ClientF,9046078,5780920,2046748,30,USD,4.9,2500000,No,1218410
20-Jan-2025,ClientA,8732115,6436032,2166317,29,USD,5.2,100000,Yes,129766
20-Jan-2025,ClientB,4307994,3603802,502750,22,USD,5.0,200000,Yes,201442
20-Jan-2025,ClientC,7114704,5026802,1900582,27,USD,5.1,150000,Yes,187320
20-Jan-2025,ClientD,9737355,8355745,1265650,31,USD,5.2,80000,Yes,115960
20-Jan-2025,ClientE,7995566,5952187,1505495,32,USD,5.0,1200000,No,537884
20-Jan-2025,ClientF,8745720,5559099,1968212,30,USD,4.9,2500000,No,1218409
20-Mar-2025,ClientA,9293136,6855772,2307598,30,USD,5.3,100000,Yes,129766
20-Mar-2025,ClientB,4614792,3873040,540310,23,USD,5.1,200000,Yes,201442
20-Mar-2025,ClientC,7599411,5378526,2033565,28,USD,5.2,150000,Yes,187320
20-Mar-2025,ClientD,10374011,8908652,1349399,32,USD,5.3,80000,Yes,115960
20-Mar-2025,ClientE,8538899,6385837,1615179,33,USD,5.1,1200000,No,537883
20-Mar-2025,ClientF,9307259,5973808,2115041,31,USD,5.0,2500000,No,1218410
20-May-2025,ClientA,9854158,7275512,2448879,31,USD,5.4,100000,Yes,129767
20-May-2025,ClientB,4921591,4142279,577870,24,USD,5.2,200000,Yes,201442
20-May-2025,ClientC,8084117,5730249,2166548,29,USD,5.3,150000,Yes,187320
20-May-2025,ClientD,11010667,9461559,1433149,33,USD,5.4,80000,Yes,115959
20-May-2025,ClientE,9082233,6819487,1724863,34,USD,5.2,1200000,No,537883
20-May-2025,ClientF,9868798,6388518,2261870,32,USD,5.1,2500000,No,1218410
20-Nov-2024,ClientA,8171094,6016292,2025035,28,USD,5.1,100000,Yes,129767
20-Nov-2024,ClientB,4001195,3334564,465189,21,USD,4.9,200000,Yes,201442
20-Nov-2024,ClientC,6629998,4675079,1767599,26,USD,5.0,150000,Yes,187320
20-Nov-2024,ClientD,9100700,7802839,1181901,30,USD,5.1,80000,Yes,115960
20-Nov-2024,ClientE,7452232,5518537,1395812,31,USD,5.0,1200000,No,537883
20-Nov-2024,ClientF,8184181,5144389,1821383,29,USD,4.8,2500000,No,1218409
20-Sep-2024,ClientA,7610073,5596552,1883754,27,USD,5.1,100000,Yes,129767
20-Sep-2024,ClientB,3694397,3065326,427629,20,USD,4.8,200000,Yes,201442
20-Sep-2024,ClientC,6145292,4323356,1634616,25,USD,4.9,150000,Yes,187320
20-Sep-2024,ClientD,8464044,7249932,1098152,29,USD,5.0,80000,Yes,115960
20-Sep-2024,ClientE,6908899,5084888,1286128,30,USD,4.9,1200000,No,537883
20-Sep-2024,ClientF,7622642,4729679,1674554,28,USD,4.7,2500000,No,1218409
21-Apr-2025,ClientA,8441827,6997915,1342686,29,USD,5.5,100000,Yes,101226
21-Apr-2025,ClientB,5149779,3653342,1336121,23,USD,5.2,200000,No,160316
21-Apr-2025,ClientC,8129405,6206630,1711404,26,USD,5.2,150000,Yes,211371
21-Apr-2025,ClientD,9555090,8003144,1462640,35,USD,5.1,80000,Yes,89306
21-Apr-2025,ClientE,9137696,6154083,1313107,33,USD,4.9,1200000,Yes,1670506
21-Apr-2025,ClientF,8677286,5295523,879877,33,USD,4.9,2500000,Yes,2501886
21-Feb-2025,ClientA,7933331,6571278,1260827,28,USD,5.4,100000,Yes,101226
21-Feb-2025,ClientB,4837208,3424474,1252418,22,USD,5.1,200000,No,160316
21-Feb-2025,ClientC,7667104,5844251,1611482,25,USD,5.2,150000,Yes,211371
21-Feb-2025,ClientD,8970862,7509190,1372366,34,USD,5.0,80000,Yes,89306
21-Feb-2025,ClientE,8614787,5723128,1221153,32,USD,4.8,1200000,Yes,1670506
21-Feb-2025,ClientF,8152276,4845317,805073,32,USD,4.8,2500000,Yes,2501886
21-Jan-2025,ClientA,7648077,6331945,1214906,28,USD,5.3,100000,Yes,101226
21-Jan-2025,ClientB,4661863,3296085,1205463,22,USD,5.1,200000,No,160315
21-Jan-2025,ClientC,7407764,5640965,1555428,25,USD,5.1,150000,Yes,211371
21-Jan-2025,ClientD,8643125,7232095,1321725,34,USD,5.0,80000,Yes,89305
21-Jan-2025,ClientE,8321447,5481372,1169570,32,USD,4.8,1200000,Yes,1670505
21-Jan-2025,ClientF,7857757,4592762,763109,32,USD,4.8,2500000,Yes,2501886
21-Mar-2025,ClientA,8181378,6779394,1300758,29,USD,5.4,100000,Yes,101226
21-Mar-2025,ClientB,4989682,3536118,1293249,23,USD,5.2,200000,No,160315
21-Mar-2025,ClientC,7892617,6021022,1660225,26,USD,5.2,150000,Yes,211370
21-Mar-2025,ClientD,9255852,7750144,1416402,35,USD,5.1,80000,Yes,89306
21-Mar-2025,ClientE,8869864,5933349,1266009,33,USD,4.9,1200000,Yes,1670506
21-Mar-2025,ClientF,8408378,5064930,841562,33,USD,4.9,2500000,Yes,2501886
21-May-2025,ClientA,8714679,7226843,1386610,30,USD,5.5,100000,Yes,101226
21-May-2025,ClientB,5317501,3776150,1381035,24,USD,5.3,200000,No,160316
21-May-2025,ClientC,8377469,6401078,1765021,27,USD,5.3,150000,Yes,211370
21-May-2025,ClientD,9868579,8268193,1511080,36,USD,5.1,80000,Yes,89306
21-May-2025,ClientE,9418281,6385327,1362448,34,USD,5.0,1200000,Yes,1670506
21-May-2025,ClientF,8958999,5537098,920015,34,USD,5.0,2500000,Yes,2501886
21-Nov-2024,ClientA,7114776,5884495,1129055,27,USD,5.2,100000,Yes,101226
21-Nov-2024,ClientB,4334044,3056052,1117677,21,USD,5.0,200000,No,160315
21-Nov-2024,ClientC,6922912,5260909,1450633,24,USD,5.0,150000,Yes,211370
21-Nov-2024,ClientD,8030398,6714045,1227047,33,USD,4.9,80000,Yes,89306
21-Nov-2024,ClientE,7773031,5029395,1073130,31,USD,4.7,1200000,Yes,1670506
21-Nov-2024,ClientF,7307137,4120594,684657,31,USD,4.7,2500000,Yes,2501886
21-Oct-2024,ClientA,6829522,5645162,1083134,26,USD,5.2,100000,Yes,101226
21-Oct-2024,ClientB,4158699,2927662,1070721,20,USD,5.0,200000,No,160316
21-Oct-2024,ClientC,6663573,5057623,1394579,23,USD,5.0,150000,Yes,211371
21-Oct-2024,ClientD,7702660,6436949,1176405,32,USD,4.8,80000,Yes,89306
21-Oct-2024,ClientE,7479691,4787639,1021547,30,USD,4.7,1200000,Yes,1670505
21-Oct-2024,ClientF,7012618,3868039,642693,30,USD,4.7,2500000,Yes,2501886
22-Apr-2025,ClientA,8223397,7080569,1079150,32,USD,5.1,100000,No,63678
22-Apr-2025,ClientB,5136281,4212245,649273,20,USD,5.0,200000,Yes,274763
22-Apr-2025,ClientC,7584114,6166145,1239291,26,USD,5.2,150000,Yes,178678
22-Apr-2025,ClientD,10116373,7588542,2468953,33,USD,5.2,80000,No,58878
22-Apr-2025,ClientE,8970829,5164511,2110511,32,USD,5.1,1200000,Yes,1695807
22-Apr-2025,ClientF,9069405,4077253,1371090,32,USD,5.1,2500000,Yes,3621062
22-Jan-2025,ClientA,7438683,6399636,975369,31,USD,5.0,100000,No,63678
22-Jan-2025,ClientB,4659615,3799239,585613,19,USD,4.9,200000,Yes,274763
22-Jan-2025,ClientC,6895478,5592752,1124049,25,USD,5.1,150000,Yes,178677
22-Jan-2025,ClientD,9207557,6902826,2245853,32,USD,5.1,80000,No,58878
22-Jan-2025,ClientE,8137342,4572821,1868713,31,USD,4.9,1200000,Yes,1695808
22-Jan-2025,ClientF,8273811,3481872,1170877,31,USD,4.9,2500000,Yes,3621062
22-May-2025,ClientA,8493142,7314639,1114824,33,USD,5.2,100000,No,63679
22-May-2025,ClientB,5300136,4354216,671157,21,USD,5.1,200000,Yes,274763
22-May-2025,ClientC,7820833,6363250,1278906,27,USD,5.2,150000,Yes,178677
22-May-2025,ClientD,10428778,7824257,2545643,34,USD,5.3,80000,No,58878
22-May-2025,ClientE,9257340,5367904,2193629,33,USD,5.1,1200000,Yes,1695807
22-May-2025,ClientF,9342890,4281915,1439914,33,USD,5.1,2500000,Yes,3621061
22-Nov-2024,ClientA,6911454,5942135,905641,30,USD,4.9,100000,No,63678
22-Nov-2024,ClientB,4339354,3521750,542841,18,USD,4.8,200000,Yes,274763
22-Nov-2024,ClientC,6432800,5207503,1046620,24,USD,5.0,150000,Yes,178677
22-Nov-2024,ClientD,8596947,6442111,2095958,31,USD,5.0,80000,No,58878
22-Nov-2024,ClientE,7577343,4175280,1706255,30,USD,4.9,1200000,Yes,1695808
22-Nov-2024,ClientF,7739271,3081851,1036358,30,USD,4.9,2500000,Yes,3621062
22-Oct-2024,ClientA,6629447,5697424,868344,29,USD,4.9,100000,No,63679
22-Oct-2024,ClientB,4168052,3373326,519963,17,USD,4.8,200000,Yes,274763
22-Oct-2024,ClientC,6185322,5001440,1005205,23,USD,4.9,150000,Yes,178677
22-Oct-2024,ClientD,8270341,6195681,2015782,30,USD,5.0,80000,No,58878
22-Oct-2024,ClientE,7277809,3962642,1619359,29,USD,4.8,1200000,Yes,1695808
22-Oct-2024,ClientF,7453355,2867886,964407,29,USD,4.8,2500000,Yes,3621062
23-Apr-2025,ClientA,8470079,6249105,2168238,30,USD,5.5,100000,No,52736
23-Apr-2025,ClientB,5276419,3625500,1536516,20,USD,5.4,200000,No,114403
23-Apr-2025,ClientC,7170956,5457134,1591166,27,USD,5.1,150000,No,122656
23-Apr-2025,ClientD,9575472,8398442,1152143,35,USD,5.2,80000,No,24887
23-Apr-2025,ClientE,8774768,6344582,2049333,30,USD,5.0,1200000,No,380853
23-Apr-2025,ClientF,9265667,4377017,1809599,30,USD,5.3,2500000,Yes,3079051
23-Dec-2024,ClientA,7400389,5454958,1892695,28,USD,5.3,100000,No,52736
23-Dec-2024,ClientB,4634041,3174331,1345307,18,USD,5.2,200000,No,114403
23-Dec-2024,ClientC,6255026,4747977,1384393,25,USD,4.9,150000,No,122656
23-Dec-2024,ClientD,8354743,7324976,1004880,33,USD,5.0,80000,No,24887
23-Dec-2024,ClientE,7687460,5522735,1783872,28,USD,4.9,1200000,No,380853
23-Dec-2024,ClientF,8161696,3595960,1486685,28,USD,5.1,2500000,Yes,3079051
23-Jan-2025,ClientA,7683181,5664905,1965540,29,USD,5.3,100000,No,52736
23-Jan-2025,ClientB,4803865,3293606,1395856,19,USD,5.2,200000,No,114403
23-Jan-2025,ClientC,6497168,4935455,1439057,26,USD,5.0,150000,No,122656
23-Jan-2025,ClientD,8677464,7608766,1043811,34,USD,5.1,80000,No,24887
23-Jan-2025,ClientE,7974909,5740005,1854051,29,USD,4.9,1200000,No,380853
23-Jan-2025,ClientF,8453550,3802446,1572053,29,USD,5.2,2500000,Yes,3079051
23-May-2025,ClientA,8740576,6449924,2237916,31,USD,5.5,100000,No,52736
23-May-2025,ClientB,5438859,3739589,1584867,21,USD,5.4,200000,No,114403
23-May-2025,ClientC,7402570,5636461,1643453,28,USD,5.2,150000,No,122656
23-May-2025,ClientD,9884162,8669893,1189382,36,USD,5.2,80000,No,24887
23-May-2025,ClientE,9049719,6552405,2116461,31,USD,5.1,1200000,No,380853
23-May-2025,ClientF,9544832,4574526,1891255,31,USD,5.3,2500000,Yes,3079051
23-Oct-2024,ClientA,6871691,5062448,1756507,28,USD,5.2,100000,No,52736
23-Oct-2024,ClientB,4316544,2951340,1250801,18,USD,5.1,200000,No,114403
23-Oct-2024,ClientC,5802325,4397474,1282195,25,USD,4.9,150000,No,122656
23-Oct-2024,ClientD,7751394,6794413,932094,33,USD,4.9,80000,No,24887
23-Oct-2024,ClientE,7150055,5116535,1652667,28,USD,4.8,1200000,No,380853
23-Oct-2024,ClientF,7616055,3209920,1327083,28,USD,5.0,2500000,Yes,3079052
23-Sep-2024,ClientA,6601195,4861630,1686829,27,USD,5.2,100000,No,52736
23-Sep-2024,ClientB,4154104,2837251,1202450,17,USD,5.1,200000,No,114403
23-Sep-2024,ClientC,5570710,4218146,1229908,24,USD,4.8,150000,No,122656
23-Sep-2024,ClientD,7442704,6522962,894855,32,USD,4.9,80000,No,24887
23-Sep-2024,ClientE,6875104,4908712,1585539,27,USD,4.7,1200000,No,380853
23-Sep-2024,ClientF,7336890,3012412,1245427,27,USD,5.0,2500000,Yes,3079051
24-Apr-2025,ClientA,8739074,7547603,1043753,29,USD,5.3,100000,Yes,147718
24-Apr-2025,ClientB,5525477,4295214,965846,21,USD,5.0,200000,Yes,264417
24-Apr-2025,ClientC,7248559,5406418,1708792,27,USD,5.2,150000,No,133349
24-Apr-2025,ClientD,10130982,8753635,1327710,35,USD,5.3,80000,No,49637
24-Apr-2025,ClientE,8606617,5838055,1864931,30,USD,5.2,1200000,No,903631
24-Apr-2025,ClientF,8704501,5091494,824857,30,USD,5.0,2500000,Yes,2788150
24-Dec-2024,ClientA,7617320,6562129,907472,27,USD,5.2,100000,Yes,147719
24-Dec-2024,ClientB,4850462,3744121,841924,19,USD,4.8,200000,Yes,264417
24-Dec-2024,ClientC,6312738,4695344,1484045,25,USD,5.0,150000,No,133349
24-Dec-2024,ClientD,8879686,7667134,1162914,33,USD,5.1,80000,No,49638
24-Dec-2024,ClientE,7528895,5021255,1604009,28,USD,5.0,1200000,No,903631
24-Dec-2024,ClientF,7605795,4145969,671676,28,USD,4.9,2500000,Yes,2788150
24-Feb-2025,ClientA,8184644,7060530,976396,28,USD,5.3,100000,Yes,147718
24-Feb-2025,ClientB,5191849,4022835,904598,20,USD,4.9,200000,Yes,264416
24-Feb-2025,ClientC,6786027,5054968,1597710,26,USD,5.1,150000,No,133349
24-Feb-2025,ClientD,9512525,8216628,1246259,34,USD,5.2,80000,No,49638
24-Feb-2025,ClientE,8073950,5434350,1735970,29,USD,5.1,1200000,No,903630
24-Feb-2025,ClientF,8161462,4624165,749147,29,USD,5.0,2500000,Yes,2788150
24-Jan-2025,ClientA,7913875,6822656,943500,28,USD,5.2,100000,Yes,147719
24-Jan-2025,ClientB,5028915,3889813,874685,20,USD,4.8,200000,Yes,264417
24-Jan-2025,ClientC,6560139,4883329,1543461,26,USD,5.0,150000,No,133349
24-Jan-2025,ClientD,9210488,7954370,1206481,34,USD,5.2,80000,No,49637
24-Jan-2025,ClientE,7813810,5237191,1672989,29,USD,5.0,1200000,No,903630
24-Jan-2025,ClientF,7896257,4395935,712172,29,USD,4.9,2500000,Yes,2788150
24-Mar-2025,ClientA,8442518,7287075,1007724,29,USD,5.3,100000,Yes,147719
24-Mar-2025,ClientB,5347025,4149523,933085,21,USD,4.9,200000,Yes,264417
24-Mar-2025,ClientC,7001158,5218433,1649376,27,USD,5.1,150000,No,133349
24-Mar-2025,ClientD,9800179,8466398,1284143,35,USD,5.3,80000,No,49638
24-Mar-2025,ClientE,8321702,5622120,1795952,30,USD,5.1,1200000,No,903630
24-Mar-2025,ClientF,8414038,4841527,784361,30,USD,5.0,2500000,Yes,2788150
24-Oct-2024,ClientA,7062890,6075056,840115,27,USD,5.1,100000,Yes,147719
24-Oct-2024,ClientB,4516835,3471743,780676,19,USD,4.7,200000,Yes,264416
24-Oct-2024,ClientC,5850207,4343895,1372963,25,USD,4.9,150000,No,133349
24-Oct-2024,ClientD,8261230,7130128,1081464,33,USD,5.0,80000,No,49638
24-Oct-2024,ClientE,6996228,4617549,1475048,28,USD,4.9,1200000,No,903631
24-Oct-2024,ClientF,7062756,3678641,595965,28,USD,4.8,2500000,Yes,2788150
24-Sep-2024,ClientA,6779228,5825856,805653,26,USD,5.0,100000,Yes,147719
24-Sep-2024,ClientB,4346141,3332385,749339,18,USD,4.6,200000,Yes,264417
24-Sep-2024,ClientC,5613562,4164082,1316130,24,USD,4.9,150000,No,133350
24-Sep-2024,ClientD,7944810,6855381,1039791,32,USD,5.0,80000,No,49638
24-Sep-2024,ClientE,6723700,4411002,1409068,27,USD,4.9,1200000,No,903630
24-Sep-2024,ClientF,6784922,3439542,557230,27,USD,4.7,2500000,Yes,2788150
25-Apr-2025,ClientA,8844307,6696896,2042148,29,USD,5.2,100000,Yes,105263
25-Apr-2025,ClientB,5357054,4535313,608375,22,USD,5.4,200000,Yes,213366
25-Apr-2025,ClientC,7877182,5990244,1718519,27,USD,4.9,150000,Yes,168419
25-Apr-2025,ClientD,10113652,8604763,1391156,36,USD,5.1,80000,Yes,117733
25-Apr-2025,ClientE,8679496,6512901,850371,29,USD,5.5,1200000,Yes,1316224
25-Apr-2025,ClientF,9441759,6257752,2180160,33,USD,5.2,2500000,No,1003847
25-Dec-2024,ClientA,7733153,5845397,1782492,28,USD,5.0,100000,Yes,105264
25-Dec-2024,ClientB,4720198,3973781,533050,21,USD,5.2,200000,Yes,213367
25-Dec-2024,ClientC,6945336,5266135,1510782,26,USD,4.7,150000,Yes,168419
25-Dec-2024,ClientD,8863702,7528772,1217197,35,USD,4.9,80000,Yes,117733
25-Dec-2024,ClientE,7574137,5535198,722715,28,USD,5.3,1200000,Yes,1316224
25-Dec-2024,ClientF,8324246,5428978,1891420,32,USD,5.0,2500000,No,1003848
25-Feb-2025,ClientA,8295116,6276040,1913812,28,USD,5.1,100000,Yes,105264
25-Feb-2025,ClientB,5042286,4257774,571146,21,USD,5.3,200000,Yes,213366
25-Feb-2025,ClientC,7416615,5632352,1615845,26,USD,4.8,150000,Yes,168418
25-Feb-2025,ClientD,9495861,8072952,1305177,35,USD,5.0,80000,Yes,117732
25-Feb-2025,ClientE,8133169,6029668,787277,28,USD,5.4,1200000,Yes,1316224
25-Feb-2025,ClientF,8889425,5848128,2037449,32,USD,5.1,2500000,No,1003848
25-Mar-2025,ClientA,8550553,6471786,1973503,29,USD,5.1,100000,Yes,105264
25-Mar-2025,ClientB,5188690,4386862,588462,22,USD,5.3,200000,Yes,213366
25-Mar-2025,ClientC,7630832,5798813,1663600,27,USD,4.9,150000,Yes,168419
25-Mar-2025,ClientD,9783206,8320306,1345167,36,USD,5.0,80000,Yes,117733
25-Mar-2025,ClientE,8387275,6254428,816623,29,USD,5.4,1200000,Yes,1316224
25-Mar-2025,ClientF,9146325,6038651,2103826,33,USD,5.1,2500000,No,1003848
25-Nov-2024,ClientA,7452171,5630075,1716832,27,USD,4.9,100000,Yes,105264
25-Nov-2024,ClientB,4559154,3831785,514003,20,USD,5.1,200000,Yes,213366
25-Nov-2024,ClientC,6709697,5083027,1458251,25,USD,4.7,150000,Yes,168419
25-Nov-2024,ClientD,8547623,7256682,1173208,34,USD,4.8,80000,Yes,117733
25-Nov-2024,ClientE,7294621,5287963,690435,27,USD,5.3,1200000,Yes,1316223
25-Nov-2024,ClientF,8041656,5219403,1818406,31,USD,5.0,2500000,No,1003847
25-Oct-2024,ClientA,7183962,5424542,1654157,27,USD,4.9,100000,Yes,105263
25-Oct-2024,ClientB,4405430,3696243,495821,20,USD,5.1,200000,Yes,213366
25-Oct-2024,ClientC,6484768,4908242,1408108,25,USD,4.6,150000,Yes,168418
25-Oct-2024,ClientD,8245910,6996959,1131218,34,USD,4.8,80000,Yes,117733
25-Oct-2024,ClientE,7027810,5051965,659621,27,USD,5.2,1200000,Yes,1316224
25-Oct-2024,ClientF,7771911,5019353,1748710,31,USD,4.9,2500000,No,1003848
25-Sep-2024,ClientA,6902980,5209220,1588497,26,USD,4.8,100000,Yes,105263
25-Sep-2024,ClientB,4244386,3554247,476773,19,USD,5.1,200000,Yes,213366
25-Sep-2024,ClientC,6249129,4725134,1355577,24,USD,4.6,150000,Yes,168418
25-Sep-2024,ClientD,7929831,6724870,1087228,33,USD,4.8,80000,Yes,117733
25-Sep-2024,ClientE,6748294,4804730,627340,26,USD,5.2,1200000,Yes,1316224
25-Sep-2024,ClientF,7489322,4809779,1675695,30,USD,4.9,2500000,No,1003848
26-Dec-2024,ClientA,7774020,5682838,2054142,30,USD,4.9,100000,No,37040
26-Dec-2024,ClientB,4423445,3636688,623671,21,USD,5.2,200000,No,163086
26-Dec-2024,ClientC,6540474,5275304,1058959,27,USD,4.9,150000,Yes,206211
26-Dec-2024,ClientD,8699639,7528041,1054706,33,USD,5.3,80000,Yes,116892
26-Dec-2024,ClientE,7505422,4379736,1818127,28,USD,4.8,1200000,Yes,1307559
26-Dec-2024,ClientF,7791945,4474543,1797345,30,USD,5.1,2500000,No,1520057
26-Feb-2025,ClientA,8349517,6105543,2206934,31,USD,5.0,100000,No,37040
26-Feb-2025,ClientB,4735484,3903047,669350,22,USD,5.3,200000,No,163087
26-Feb-2025,ClientC,7028585,5681813,1140561,28,USD,5.0,150000,Yes,206211
26-Feb-2025,ClientD,9331047,8081857,1132297,34,USD,5.4,80000,Yes,116893
26-Feb-2025,ClientE,8047758,4762979,1977220,29,USD,4.9,1200000,Yes,1307559
26-Feb-2025,ClientF,8335270,4862166,1953047,31,USD,5.2,2500000,No,1520057
26-Mar-2025,ClientA,8611106,6297681,2276385,31,USD,5.1,100000,No,37040
26-Mar-2025,ClientB,4877319,4024119,690113,22,USD,5.3,200000,No,163087
26-Mar-2025,ClientC,7250454,5866590,1177653,28,USD,5.0,150000,Yes,206211
26-Mar-2025,ClientD,9618051,8333592,1167566,34,USD,5.4,80000,Yes,116893
26-Mar-2025,ClientE,8294274,4937180,2049535,29,USD,5.0,1200000,Yes,1307559
26-Mar-2025,ClientF,8582237,5038359,2023820,31,USD,5.2,2500000,No,1520058
26-May-2025,ClientA,9173523,6710778,2425705,32,USD,5.1,100000,No,37040
26-May-2025,ClientB,5182266,4284425,734754,23,USD,5.4,200000,No,163087
26-May-2025,ClientC,7727472,6263860,1257401,29,USD,5.1,150000,Yes,206211
26-May-2025,ClientD,10235109,8874822,1243395,35,USD,5.5,80000,Yes,116892
26-May-2025,ClientE,8824285,5311714,2205012,30,USD,5.0,1200000,Yes,1307559
26-May-2025,ClientF,9113214,5417173,2175983,32,USD,5.3,2500000,No,1520058
26-Nov-2024,ClientA,7486272,5471486,1977746,29,USD,4.9,100000,No,37040
26-Nov-2024,ClientB,4267426,3503508,600831,20,USD,5.2,200000,No,163087
26-Nov-2024,ClientC,6296418,5072049,1018158,26,USD,4.9,150000,Yes,206211
26-Nov-2024,ClientD,8383935,7251133,1015910,32,USD,5.3,80000,Yes,116892
26-Nov-2024,ClientE,7234253,4188114,1738580,27,USD,4.8,1200000,Yes,1307559
26-Nov-2024,ClientF,7520282,4280731,1719494,29,USD,5.0,2500000,No,1520057
26-Sep-2024,ClientA,6923855,5058389,1828426,28,USD,4.8,100000,No,37040
26-Sep-2024,ClientB,3962480,3243203,556190,19,USD,5.1,200000,No,163087
26-Sep-2024,ClientC,5819400,4674779,938410,25,USD,4.8,150000,Yes,206211
26-Sep-2024,ClientD,7766877,6709903,940082,31,USD,5.2,80000,Yes,116892
26-Sep-2024,ClientE,6704243,3813581,1583103,26,USD,4.7,1200000,Yes,1307559
26-Sep-2024,ClientF,6989304,3901916,1567331,28,USD,5.0,2500000,No,1520057
27-Dec-2024,ClientA,8186187,5795508,2265454,29,USD,5.2,100000,Yes,125225
27-Dec-2024,ClientB,4382027,3310337,818033,22,USD,5.2,200000,Yes,253657
27-Dec-2024,ClientC,6782744,5685935,914037,28,USD,5.3,150000,Yes,182772
27-Dec-2024,ClientD,9519950,6806861,2630545,34,USD,5.1,80000,Yes,82544
27-Dec-2024,ClientE,7268130,5069934,1179543,31,USD,4.9,1200000,No,1018653
27-Dec-2024,ClientF,7742193,4213748,907471,31,USD,5.1,2500000,Yes,2620974
27-Feb-2025,ClientA,8759839,6207941,2426673,30,USD,5.3,100000,Yes,125225
27-Feb-2025,ClientB,4696919,3562833,880429,23,USD,5.3,200000,Yes,253657
27-Feb-2025,ClientC,7267306,6103389,981145,29,USD,5.4,150000,Yes,182772
27-Feb-2025,ClientD,10170877,7276351,2811982,35,USD,5.1,80000,Yes,82544
27-Feb-2025,ClientE,7809565,5509177,1281735,32,USD,5.0,1200000,No,1018653
27-Feb-2025,ClientF,8317466,4687083,1009409,32,USD,5.2,2500000,Yes,2620974
27-Jan-2025,ClientA,8459975,5992350,2342399,29,USD,5.3,100000,Yes,125226
27-Jan-2025,ClientB,4532317,3430847,847813,22,USD,5.2,200000,Yes,253657
27-Jan-2025,ClientC,7014012,5885174,946066,28,USD,5.3,150000,Yes,182772
27-Jan-2025,ClientD,9830620,7030936,2717140,34,USD,5.1,80000,Yes,82544
27-Jan-2025,ClientE,7526542,5279572,1228316,31,USD,5.0,1200000,No,1018654
27-Jan-2025,ClientF,8016755,4439658,956123,31,USD,5.2,2500000,Yes,2620974
27-Mar-2025,ClientA,9020590,6395410,2499955,30,USD,5.3,100000,Yes,125225
27-Mar-2025,ClientB,4840052,3677604,908791,23,USD,5.3,200000,Yes,253657
27-Mar-2025,ClientC,7487561,6293141,1011648,29,USD,5.4,150000,Yes,182772
27-Mar-2025,ClientD,10466753,7489756,2894453,35,USD,5.2,80000,Yes,82544
27-Mar-2025,ClientE,8055672,5708833,1328186,32,USD,5.0,1200000,No,1018653
27-Mar-2025,ClientF,8578954,4902236,1055744,32,USD,5.3,2500000,Yes,2620974
27-May-2025,ClientA,9581206,6798470,2657510,31,USD,5.4,100000,Yes,125226
27-May-2025,ClientB,5147787,3924362,969768,24,USD,5.4,200000,Yes,253657
27-May-2025,ClientC,7961109,6701107,1077230,30,USD,5.5,150000,Yes,182772
27-May-2025,ClientD,11102886,7948576,3071766,36,USD,5.3,80000,Yes,82544
27-May-2025,ClientE,8584802,6138093,1428055,33,USD,5.1,1200000,No,1018654
27-May-2025,ClientF,9141152,5364814,1155365,33,USD,5.4,2500000,Yes,2620973
27-Nov-2024,ClientA,7899360,5589291,2184844,28,USD,5.2,100000,Yes,125225
27-Nov-2024,ClientB,4224582,3184089,786836,21,USD,5.1,200000,Yes,253657
27-Nov-2024,ClientC,6540464,5477208,880484,27,USD,5.2,150000,Yes,182772
27-Nov-2024,ClientD,9194487,6572116,2539827,33,USD,5.0,80000,Yes,82544
27-Nov-2024,ClientE,6997412,4850312,1128447,30,USD,4.9,1200000,No,1018653
27-Nov-2024,ClientF,7454557,3977080,856503,30,USD,5.1,2500000,Yes,2620974
27-Sep-2024,ClientA,7338745,5186231,2027289,27,USD,5.1,100000,Yes,125225
27-Sep-2024,ClientB,3916847,2937332,725858,20,USD,5.0,200000,Yes,253657
27-Sep-2024,ClientC,6066915,5069242,814901,26,USD,5.1,150000,Yes,182772
27-Sep-2024,ClientD,8558354,6113297,2362513,32,USD,4.9,80000,Yes,82544
27-Sep-2024,ClientE,6468282,4421051,1028577,29,USD,4.8,1200000,No,1018654
27-Sep-2024,ClientF,6892359,3514503,756882,29,USD,5.0,2500000,Yes,2620974
28-Apr-2025,ClientA,8830076,7492168,1235704,29,USD,5.4,100000,Yes,102204
28-Apr-2025,ClientB,5159549,4224015,650391,23,USD,5.5,200000,Yes,285143
28-Apr-2025,ClientC,7351197,6300042,863238,26,USD,5.3,150000,Yes,187917
28-Apr-2025,ClientD,10136255,7099296,2941976,36,USD,5.2,80000,Yes,94983
28-Apr-2025,ClientE,9574401,5735211,2271065,33,USD,5.2,1200000,Yes,1568125
28-Apr-2025,ClientF,8995185,4536916,1338396,30,USD,5.0,2500000,Yes,3119873
28-Feb-2025,ClientA,8324638,7058291,1164143,29,USD,5.3,100000,Yes,102204
28-Feb-2025,ClientB,4871368,3974286,611939,23,USD,5.4,200000,Yes,285143
28-Feb-2025,ClientC,6907435,5909757,809760,26,USD,5.2,150000,Yes,187918
28-Feb-2025,ClientD,9538353,6676572,2766798,36,USD,5.1,80000,Yes,94983
28-Feb-2025,ClientE,9041764,5353662,2119977,33,USD,5.1,1200000,Yes,1568125
28-Feb-2025,ClientF,8479216,4138485,1220858,30,USD,4.9,2500000,Yes,3119873
28-Jan-2025,ClientA,8041100,6814896,1123999,28,USD,5.3,100000,Yes,102205
28-Jan-2025,ClientB,4709705,3834194,590369,22,USD,5.4,200000,Yes,285142
28-Jan-2025,ClientC,6658496,5690817,779761,25,USD,5.2,150000,Yes,187918
28-Jan-2025,ClientD,9202944,6439434,2668527,35,USD,5.1,80000,Yes,94983
28-Jan-2025,ClientE,8742968,5139623,2035220,32,USD,5.0,1200000,Yes,1568125
28-Jan-2025,ClientF,8189770,3914975,1154922,29,USD,4.8,2500000,Yes,3119873
28-Mar-2025,ClientA,8571193,7269938,1199051,29,USD,5.3,100000,Yes,102204
28-Mar-2025,ClientB,5011944,4096105,630696,23,USD,5.4,200000,Yes,285143
28-Mar-2025,ClientC,7123904,6100139,835847,26,USD,5.3,150000,Yes,187918
28-Mar-2025,ClientD,9830013,6882779,2852251,36,USD,5.2,80000,Yes,94983
28-Mar-2025,ClientE,9301587,5539783,2193678,33,USD,5.1,1200000,Yes,1568126
28-Mar-2025,ClientF,8730908,4332841,1278193,30,USD,4.9,2500000,Yes,3119874
28-May-2025,ClientA,9101286,7724980,1274102,30,USD,5.4,100000,Yes,102204
28-May-2025,ClientB,5314183,4358016,671024,24,USD,5.5,200000,Yes,285143
28-May-2025,ClientC,7589313,6509463,891933,27,USD,5.3,150000,Yes,187917
28-May-2025,ClientD,10457081,7326124,3035974,37,USD,5.3,80000,Yes,94983
28-May-2025,ClientE,9860207,5939945,2352137,34,USD,5.2,1200000,Yes,1568125
28-May-2025,ClientF,9272046,4750708,1401465,31,USD,5.0,2500000,Yes,3119873
28-Nov-2024,ClientA,7511007,6359855,1048948,27,USD,5.2,100000,Yes,102204
28-Nov-2024,ClientB,4407466,3572283,550041,21,USD,5.3,200000,Yes,285142
28-Nov-2024,ClientC,6193088,5281495,723675,24,USD,5.1,150000,Yes,187918
28-Nov-2024,ClientD,8575876,5996090,2484803,34,USD,5.0,80000,Yes,94983
28-Nov-2024,ClientE,8184348,4739461,1876762,31,USD,5.0,1200000,Yes,1568125
28-Nov-2024,ClientF,7648632,3497108,1031651,28,USD,4.8,2500000,Yes,3119873
28-Oct-2024,ClientA,7227469,6116460,1008804,27,USD,5.1,100000,Yes,102205
28-Oct-2024,ClientB,4245803,3432190,528470,21,USD,5.2,200000,Yes,285143
28-Oct-2024,ClientC,5944149,5062555,693676,24,USD,5.0,150000,Yes,187918
28-Oct-2024,ClientD,8240467,5758952,2386532,34,USD,5.0,80000,Yes,94983
28-Oct-2024,ClientE,7885552,4525422,1792005,31,USD,4.9,1200000,Yes,1568125
28-Oct-2024,ClientF,7359186,3273598,965715,28,USD,4.7,2500000,Yes,3119873
29-Apr-2025,ClientA,9196869,6895939,2193742,32,USD,5.1,100000,Yes,107188
29-Apr-2025,ClientB,5304029,4016619,1211700,20,USD,5.5,200000,No,75710
29-Apr-2025,ClientC,7358717,5737854,1467973,30,USD,5.1,150000,Yes,152890
29-Apr-2025,ClientD,10674617,8762768,1868261,36,USD,5.1,80000,No,43588
29-Apr-2025,ClientE,8688623,5951459,1715667,30,USD,5.5,1200000,No,1021497
29-Apr-2025,ClientF,8741136,4602967,678397,30,USD,5.3,2500000,Yes,3459772
29-Jan-2025,ClientA,8378789,6275298,1996303,31,USD,5.0,100000,Yes,107188
29-Jan-2025,ClientB,4809689,3636846,1097133,19,USD,5.3,200000,No,75710
29-Jan-2025,ClientC,6670842,5190113,1327839,29,USD,4.9,150000,Yes,152890
29-Jan-2025,ClientD,9739420,7991919,1703913,35,USD,5.0,80000,No,43588
29-Jan-2025,ClientE,7884357,5327163,1535697,29,USD,5.3,1200000,No,1021497
29-Jan-2025,ClientF,7954507,3917382,577353,29,USD,5.2,2500000,Yes,3459772
29-May-2025,ClientA,9478084,7109285,2261612,33,USD,5.1,100000,Yes,107187
29-May-2025,ClientB,5473959,4147166,1251083,21,USD,5.5,200000,No,75710
29-May-2025,ClientC,7595174,5926140,1516144,31,USD,5.1,150000,Yes,152890
29-May-2025,ClientD,10996091,9027747,1924756,37,USD,5.1,80000,No,43588
29-May-2025,ClientE,8965089,6166061,1777531,31,USD,5.5,1200000,No,1021497
29-May-2025,ClientF,9011540,4838638,713130,31,USD,5.4,2500000,Yes,3459772
29-Nov-2024,ClientA,7829142,5858305,1863649,30,USD,4.9,100000,Yes,107188
29-Nov-2024,ClientB,4477553,3381685,1020158,18,USD,5.2,200000,No,75710
29-Nov-2024,ClientC,6208675,4822099,1233686,28,USD,4.8,150000,Yes,152890
29-Nov-2024,ClientD,9111084,7474005,1593491,34,USD,4.9,80000,No,43588
29-Nov-2024,ClientE,7343991,4907715,1414779,28,USD,5.2,1200000,No,1021497
29-Nov-2024,ClientF,7425991,3456754,509465,28,USD,5.1,2500000,Yes,3459772
29-Oct-2024,ClientA,7535145,5635263,1792695,30,USD,4.8,100000,Yes,107187
29-Oct-2024,ClientB,4299900,3245204,978986,18,USD,5.2,200000,No,75710
29-Oct-2024,ClientC,5961470,4625254,1183325,28,USD,4.8,150000,Yes,152891
29-Oct-2024,ClientD,8774998,7196981,1534428,34,USD,4.8,80000,No,43589
29-Oct-2024,ClientE,7054958,4683358,1350103,28,USD,5.2,1200000,No,1021497
29-Oct-2024,ClientF,7143296,3210372,473152,28,USD,5.1,2500000,Yes,3459772
30-Apr-2025,ClientA,9032650,7968041,1030643,34,USD,5.0,100000,No,33966
30-Apr-2025,ClientB,5667326,4701656,823229,22,USD,5.1,200000,No,142441
30-Apr-2025,ClientC,7878268,6678134,981223,29,USD,5.1,150000,Yes,218911
30-Apr-2025,ClientD,10589385,9289121,1189187,34,USD,5.4,80000,Yes,111077
30-Apr-2025,ClientE,9431985,6461685,1236642,33,USD,5.3,1200000,Yes,1733658
30-Apr-2025,ClientF,8881742,6015513,714772,32,USD,5.0,2500000,No,2151457
30-Dec-2024,ClientA,7951268,7010513,906790,32,USD,4.9,100000,No,33965
30-Dec-2024,ClientB,5003273,4136549,724283,20,USD,5.0,200000,No,142441
30-Dec-2024,ClientC,6899479,5824735,855833,27,USD,4.9,150000,Yes,218911
30-Dec-2024,ClientD,9348814,8189342,1048394,32,USD,5.2,80000,Yes,111078
30-Dec-2024,ClientE,8317347,5526100,1057589,31,USD,5.1,1200000,Yes,1733658
30-Dec-2024,ClientF,7779237,5030096,597683,30,USD,4.8,2500000,No,2151458
30-Jan-2025,ClientA,8237150,7263652,939532,32,USD,4.9,100000,No,33966
30-Jan-2025,ClientB,5178827,4285945,750441,20,USD,5.0,200000,No,142441
30-Jan-2025,ClientC,7158239,6050346,888982,27,USD,4.9,150000,Yes,218911
30-Jan-2025,ClientD,9676781,8480088,1085615,32,USD,5.3,80000,Yes,111078
30-Jan-2025,ClientE,8612022,5773439,1104925,31,USD,5.2,1200000,Yes,1733658
30-Jan-2025,ClientF,8070704,5290609,628638,30,USD,4.9,2500000,No,2151457
30-Oct-2024,ClientA,7416791,6537251,845575,31,USD,4.8,100000,No,33965
30-Oct-2024,ClientB,4675063,3857244,675378,19,USD,4.9,200000,No,142441
30-Oct-2024,ClientC,6415709,5402940,793858,26,USD,4.8,150000,Yes,218911
30-Oct-2024,ClientD,8735658,7645774,978807,31,USD,5.1,80000,Yes,111077
30-Oct-2024,ClientE,7766434,5063684,969092,30,USD,5.0,1200000,Yes,1733658
30-Oct-2024,ClientF,7234321,4543051,539812,29,USD,4.8,2500000,No,2151458
30-Sep-2024,ClientA,7143338,6295117,814255,30,USD,4.7,100000,No,33966
30-Sep-2024,ClientB,4507142,3714344,650357,18,USD,4.8,200000,No,142441
30-Sep-2024,ClientC,6168199,5187138,762150,25,USD,4.7,150000,Yes,218911
30-Sep-2024,ClientD,8421950,7367669,943204,30,USD,5.1,80000,Yes,111077
30-Sep-2024,ClientE,7484572,4827100,923814,29,USD,5.0,1200000,Yes,1733658
30-Sep-2024,ClientF,6955526,4293865,510203,28,USD,4.7,2500000,No,2151458
31-Dec-2024,ClientA,7358586,5922075,1286863,30,USD,5.0,100000,Yes,149648
31-Dec-2024,ClientB,4453486,3689974,589093,22,USD,4.9,200000,No,174419
31-Dec-2024,ClientC,6894526,5133352,1538002,26,USD,5.0,150000,Yes,223172
31-Dec-2024,ClientD,9210914,7267118,1847889,33,USD,5.1,80000,Yes,95907
31-Dec-2024,ClientE,8120493,6555142,1005664,28,USD,5.3,1200000,No,559687
31-Dec-2024,ClientF,8088927,3542965,1329631,30,USD,5.3,2500000,Yes,3216331
31-Jan-2025,ClientA,7642829,6155578,1337603,30,USD,5.0,100000,Yes,149648
31-Jan-2025,ClientB,4615112,3829349,611344,22,USD,4.9,200000,No,174419
31-Jan-2025,ClientC,7148078,5328451,1596456,26,USD,5.1,150000,Yes,223171
31-Jan-2025,ClientD,9535977,7526281,1913789,33,USD,5.1,80000,Yes,95907
31-Jan-2025,ClientE,8412725,6808504,1044534,28,USD,5.4,1200000,No,559687
31-Jan-2025,ClientF,8386503,3759339,1410833,30,USD,5.3,2500000,Yes,3216331
31-Mar-2025,ClientA,8149521,6571821,1428053,31,USD,5.1,100000,Yes,149647
31-Mar-2025,ClientB,4903226,4077799,651008,23,USD,5.0,200000,No,174419
31-Mar-2025,ClientC,7600061,5676234,1700655,27,USD,5.2,150000,Yes,223172
31-Mar-2025,ClientD,10115436,7988266,2031263,34,USD,5.2,80000,Yes,95907
31-Mar-2025,ClientE,8933659,7260149,1113823,29,USD,5.5,1200000,No,559687
31-Mar-2025,ClientF,8916963,4145047,1555585,31,USD,5.4,2500000,Yes,3216331
31-Oct-2024,ClientA,6827177,5485527,1192002,29,USD,4.9,100000,Yes,149648
31-Oct-2024,ClientB,4151318,3429405,547494,21,USD,4.8,200000,No,174419
31-Oct-2024,ClientC,6420495,4768603,1428720,25,USD,4.9,150000,Yes,223172
31-Oct-2024,ClientD,8603189,6782598,1724685,32,USD,5.0,80000,Yes,95906
31-Oct-2024,ClientE,7574147,6081466,932994,27,USD,5.2,1200000,No,559687
31-Oct-2024,ClientF,7532591,3138442,1177818,29,USD,5.2,2500000,Yes,3216331
